-- phpMyAdmin SQL Dump
-- version 5.2.0
-- https://www.phpmyadmin.net/
--
-- Host: 127.0.0.1
-- Generation Time: Jan 29, 2023 at 06:06 PM
-- Server version: 10.4.25-MariaDB
-- PHP Version: 7.4.30

SET SQL_MODE = "NO_AUTO_VALUE_ON_ZERO";
START TRANSACTION;
SET time_zone = "+00:00";


/*!40101 SET @OLD_CHARACTER_SET_CLIENT=@@CHARACTER_SET_CLIENT */;
/*!40101 SET @OLD_CHARACTER_SET_RESULTS=@@CHARACTER_SET_RESULTS */;
/*!40101 SET @OLD_COLLATION_CONNECTION=@@COLLATION_CONNECTION */;
/*!40101 SET NAMES utf8mb4 */;

--
-- Database: `sgbit`
--

-- --------------------------------------------------------

--
-- Table structure for table `attendance`
--

CREATE TABLE `attendance` (
  `usn` char(10) NOT NULL,
  `scode` char(10) NOT NULL,
  `attdate` date NOT NULL,
  `time` char(10) NOT NULL,
  `status` varchar(1) NOT NULL DEFAULT 'P',
  `percentage` float NOT NULL
) ENGINE=InnoDB DEFAULT CHARSET=utf8mb4;

-- --------------------------------------------------------

--
-- Table structure for table `department`
--

CREATE TABLE `department` (
  `dno` int(11) NOT NULL,
  `dname` varchar(50) NOT NULL,
  `dloc` varchar(35) NOT NULL,
  `headid` int(11) NOT NULL
) ENGINE=InnoDB DEFAULT CHARSET=utf8mb4;

--
-- Dumping data for table `department`
--

INSERT INTO `department` (`dno`, `dname`, `dloc`, `headid`) VALUES
(1, 'Computer Science and Engineering', 'New Building Ist Flo', 1),
(2, 'Electronics and Communication', 'Old Building 2nd Flo', 7);

-- --------------------------------------------------------

--
-- Table structure for table `equipment`
--

CREATE TABLE `equipment` (
  `eid` int(11) NOT NULL,
  `ename` varchar(30) NOT NULL,
  `make` varchar(20) NOT NULL,
  `config` varchar(45) NOT NULL,
  `dpurchase` date NOT NULL,
  `dlastserviced` date NOT NULL,
  `pcost` float NOT NULL,
  `suppliername` varchar(30) NOT NULL,
  `labid` int(11) NOT NULL
) ENGINE=InnoDB DEFAULT CHARSET=utf8mb4;

--
-- Dumping data for table `equipment`
--

INSERT INTO `equipment` (`eid`, `ename`, `make`, `config`, `dpurchase`, `dlastserviced`, `pcost`, `suppliername`, `labid`) VALUES
(5001, 'Laser Printer', 'HP', 'Printer with Scanner', '2023-01-04', '2023-01-17', 19950, 'Syscon', 8001);

-- --------------------------------------------------------

--
-- Table structure for table `faculty`
--

CREATE TABLE `faculty` (
  `fid` int(11) NOT NULL,
  `fname` varchar(30) NOT NULL,
  `lname` varchar(30) NOT NULL,
  `dob` date NOT NULL,
  `gender` char(1) NOT NULL,
  `doj` date NOT NULL,
  `dno` int(11) NOT NULL,
  `designation` varchar(30) NOT NULL
) ENGINE=InnoDB DEFAULT CHARSET=utf8mb4;

--
-- Dumping data for table `faculty`
--

INSERT INTO `faculty` (`fid`, `fname`, `lname`, `dob`, `gender`, `doj`, `dno`, `designation`) VALUES
(1004, 'Mr. B. S. Halakarnimath', 'cc', '0000-00-00', 'M', '0000-00-00', 1, 'Assoc.Professor & Head'),
(1005, 'Dr. Vinayak Joshi', '', '0000-00-00', 'M', '0000-00-00', 1, 'Professor'),
(1006, 'Dr. Karuna Gull', '', '0000-00-00', 'F', '0000-00-00', 1, 'Assoc.Professor'),
(1007, 'Mrs. Shaheen Mujawar', '', '0000-00-00', 'F', '0000-00-00', 1, 'Assistant Professor'),
(1008, 'Mrs. Sahana Bisalapur', '', '0000-00-00', 'F', '0000-00-00', 1, 'Assistant Professor'),
(1009, 'Mrs. Chitrashree N. Kurtkoti ', '', '0000-00-00', 'F', '0000-00-00', 1, 'Assistant Professor'),
(1010, 'Ms. Kangana W. M.', '', '0000-00-00', 'F', '0000-00-00', 1, 'Assistant Professor'),
(1011, 'Mrs. Jaya Pattanshetti', '', '0000-00-00', 'F', '0000-00-00', 1, 'Assistant Professor'),
(1012, 'Mr. Shrikant Athanikar', '', '0000-00-00', 'M', '0000-00-00', 1, 'Assistant Professor'),
(1013, 'Ms. Sushila vantamuri', '', '0000-00-00', 'F', '0000-00-00', 1, 'Assistant Professor'),
(1014, 'Ms. Arpita PAtil', '', '0000-00-00', 'F', '0000-00-00', 1, 'Assistant Professor'),
(1015, 'Mr. Abhinandan Mangaonkar', '', '0000-00-00', 'M', '0000-00-00', 1, 'Assistant Professor'),
(1016, 'Ms. Pooja Patil', '', '0000-00-00', 'F', '0000-00-00', 1, 'Assistant Professor'),
(1017, 'Mrs. Sushmita N. Nesarikar', '', '0000-00-00', 'F', '0000-00-00', 1, 'Assistant Professor'),
(1018, 'Mrs.Umadevi N', '', '0000-00-00', 'F', '0000-00-00', 1, 'Assistant Professor'),
(1019, 'Mr.Shivanand M Patil', '', '0000-00-00', 'M', '0000-00-00', 1, 'Assistant Professor'),
(1020, 'Mr.Siddharth Bhatkande', '', '0000-00-00', 'M', '0000-00-00', 1, 'Assistant Professor'),
(1021, 'Mrs. Namrata Korade', '', '0000-00-00', 'F', '0000-00-00', 1, 'Assistant Professor'),
(1022, 'Ms. Rajeshwari Kisan', '', '0000-00-00', 'F', '0000-00-00', 1, 'Assistant Professor'),
(1023, 'Mr. Shiddalingesh S Hiremath', '', '0000-00-00', 'M', '0000-00-00', 1, 'Assistant Professor'),
(1024, 'Mrs.Sheetal B. Patil', '', '0000-00-00', 'F', '0000-00-00', 1, 'Assistant  Professor'),
(1025, 'Dr. S.F.Rodd', '', '0000-00-00', 'M', '0000-00-00', 1, 'Professor'),
(1026, 'Dr. Shivanand Pujar  ', '', '0000-00-00', 'M', '0000-00-00', 1, 'Assistant Professor'),
(1027, 'Dr. S.R.Mangalwede', '', '0000-00-00', 'M', '0000-00-00', 1, 'Professor'),
(1028, 'Deepa Bevangidad', '', '2023-01-05', 'F', '2023-01-23', 2, 'Asst. Prof.'),
(1029, 'Satish Gunjati', '', '2007-01-09', 'F', '2022-10-15', 5, 'Asst. Prof.'),
(1030, 'Nalinakshi', '', '2023-01-30', 'F', '2023-01-03', 5, 'Asst. Prof.'),
(1031, 'S.S.Dharmatti', '', '2023-01-09', 'M', '2023-01-23', 5, 'Asst. Prof.');

-- --------------------------------------------------------

--
-- Table structure for table `facultydocs`
--

CREATE TABLE `facultydocs` (
  `fid` int(11) NOT NULL,
  `publications` blob NOT NULL,
  `conferences` blob NOT NULL,
  `workshops` blob NOT NULL
) ENGINE=InnoDB DEFAULT CHARSET=utf8mb4;

-- --------------------------------------------------------

--
-- Table structure for table `facultyleave`
--

CREATE TABLE `facultyleave` (
  `fid` int(11) NOT NULL,
  `cl` float NOT NULL DEFAULT 12,
  `cla` float NOT NULL DEFAULT 0,
  `el` float NOT NULL DEFAULT 12,
  `ela` float NOT NULL DEFAULT 0,
  `dl` int(11) NOT NULL DEFAULT 6,
  `dla` int(11) NOT NULL DEFAULT 0,
  `rh` int(11) NOT NULL DEFAULT 2,
  `rha` int(11) NOT NULL DEFAULT 0,
  `ml` int(11) NOT NULL DEFAULT 7,
  `mla` int(11) NOT NULL DEFAULT 0,
  `acadyear` char(10) NOT NULL DEFAULT '2022-23'
) ENGINE=InnoDB DEFAULT CHARSET=utf8mb4;

--
-- Dumping data for table `facultyleave`
--

INSERT INTO `facultyleave` (`fid`, `cl`, `cla`, `el`, `ela`, `dl`, `dla`, `rh`, `rha`, `ml`, `mla`, `acadyear`) VALUES
(1004, 12, 0, 12, 0, 6, 0, 2, 0, 7, 0, '2022-23'),
(1005, 12, 0, 12, 0, 6, 0, 2, 0, 7, 0, '2022-23'),
(1006, 12, 9, 12, 0, 6, 0, 2, 0, 7, 0, '2022-23'),
(1007, 12, 0, 12, 0, 6, 0, 2, 0, 7, 0, '2022-23'),
(1008, 12, 0, 12, 0, 6, 0, 2, 0, 7, 0, '2022-23'),
(1009, 12, 0, 12, 0, 6, 0, 2, 0, 7, 0, '2022-23'),
(1010, 12, 0, 12, 0, 6, 0, 2, 0, 7, 0, '2022-23'),
(1011, 12, 0, 12, 0, 6, 0, 2, 0, 7, 0, '2022-23'),
(1012, 12, 0, 12, 0, 6, 0, 2, 0, 7, 0, '2022-23'),
(1013, 12, 0, 12, 18, 6, 0, 2, 0, 7, 0, '2022-23'),
(1014, 12, 0, 12, 0, 6, 0, 2, 0, 7, 0, '2022-23'),
(1015, 12, 0, 12, 0, 6, 0, 2, 0, 7, 0, '2022-23'),
(1016, 12, 0, 12, 0, 6, 0, 2, 0, 7, 0, '2022-23'),
(1017, 12, 0, 12, 0, 6, 0, 2, 0, 7, 0, '2022-23'),
(1018, 12, 0, 12, 0, 6, 0, 2, 0, 7, 0, '2022-23'),
(1019, 12, 0, 12, 0, 6, 0, 2, 0, 7, 0, '2022-23'),
(1020, 12, 80, 12, 8.5, 6, 0, 2, 0, 7, 0, '2022-23'),
(1021, 12, 0, 12, 0, 6, 0, 2, 0, 7, 0, '2022-23'),
(1022, 12, 0, 12, 0, 6, 0, 2, 0, 7, 0, '2022-23'),
(1023, 12, 0, 12, 0, 6, 0, 2, 0, 7, 0, '2022-23'),
(1024, 12, 0, 12, 0, 6, 0, 2, 0, 7, 0, '2022-23'),
(1025, 12, 0, 12, 0, 6, 0, 2, 0, 7, 0, '2022-23'),
(1026, 12, 0, 12, 0, 6, 0, 2, 0, 7, 0, '2022-23'),
(1027, 12, 0, 12, 0, 6, 0, 2, 0, 7, 0, '2022-23'),
(1028, 12, 0, 12, 0, 6, 0, 2, 0, 7, 0, '2022-23'),
(1029, 12, 0, 12, 0, 6, 0, 2, 0, 7, 0, '2022-23'),
(1030, 12, 0, 12, 0, 6, 0, 2, 0, 7, 0, '2022-23'),
(1031, 12, 0, 12, 0, 6, 0, 2, 0, 7, 0, '2022-23'),
(1032, 12, 0, 12, 0, 6, 0, 2, 0, 7, 0, '2022-23');

-- --------------------------------------------------------

--
-- Table structure for table `facultyleaveapps`
--

CREATE TABLE `facultyleaveapps` (
  `fid` int(11) NOT NULL,
  `fname` varchar(30) NOT NULL,
  `ltype` varchar(30) NOT NULL,
  `duration` varchar(50) NOT NULL,
  `stdate` date NOT NULL,
  `endate` date NOT NULL,
  `alt1` varchar(40) NOT NULL,
  `alt2` varchar(40) NOT NULL,
  `info` varchar(50) DEFAULT 'Takecare',
  `status` varchar(15) NOT NULL DEFAULT 'Pending',
  `Remark` varchar(10) NOT NULL DEFAULT 'Accepted'
) ENGINE=InnoDB DEFAULT CHARSET=utf8mb4;

--
-- Dumping data for table `facultyleaveapps`
--

INSERT INTO `facultyleaveapps` (`fid`, `fname`, `ltype`, `duration`, `stdate`, `endate`, `alt1`, `alt2`, `info`, `status`, `Remark`) VALUES
(1020, 'Siddharth', 'Ch', 'Half Day - Morning', '2023-01-04', '2023-01-04', 'Faculty Incharge 1', 'Faculty Incharge 2', 'Personal work', 'Pending', 'Accepted'),
(1020, 'Siddharth', 'CL', 'Half Day - Afternoon', '2023-01-05', '2023-01-29', 'Mrs. Namrata Korade', 'Mrs. Sushmita N. Nesarikar', 'Personal work', 'Pending', 'Accepted'),
(1020, 'Siddharth', 'EL', 'Half Day - Afternoon', '2023-01-04', '2023-01-12', 'Dr. Vinayak Joshi', 'Mr.Shivanand M Patil', 'Personal work', 'Pending', 'Accepted'),
(1020, 'Siddharth', 'CL', 'One Full Day', '2023-01-03', '2023-01-03', 'Dr. Vinayak Joshi', 'Mr.Siddharth Bhatkande', 'Personal work', 'Pending', 'Accepted'),
(1020, 'Siddharth', 'EL', 'Multiple Days', '2023-01-29', '2023-01-30', 'Mrs.Umadevi N', 'Mr.Siddharth Bhatkande', 'Hello', 'Pending', 'Accepted'),
(1020, 'Siddharth', 'EL', 'Multiple Days', '2023-01-05', '2023-01-07', 'Mr. Shiddalingesh S Hiremath', 'Mrs. Namrata Korade', 'Personal work', 'Pending', 'Accepted'),
(1020, 'Siddharth', 'CL', 'Half Day - Morning', '2023-01-29', '2023-01-29', 'Mr.Shivanand M Patil', 'Mrs.Umadevi N', 'Personal work', 'Pending', 'Accepted'),
(1020, 'Siddharth', 'CL', 'Half Day - Afternoon', '2023-01-29', '2023-01-29', 'Mr.Siddharth Bhatkande', 'Mr. Shrikant Athanikar', 'Personal work', 'Pending', 'Accepted');

-- --------------------------------------------------------

--
-- Table structure for table `facultysubjects`
--

CREATE TABLE `facultysubjects` (
  `fid` int(11) NOT NULL,
  `scode` char(10) NOT NULL,
  `portionCoverage` float NOT NULL,
  `dateofcoverage` date NOT NULL,
  `acadyear` char(10) NOT NULL,
  `Division` char(1) NOT NULL
) ENGINE=InnoDB DEFAULT CHARSET=utf8mb4;

--
-- Dumping data for table `facultysubjects`
--

INSERT INTO `facultysubjects` (`fid`, `scode`, `portionCoverage`, `dateofcoverage`, `acadyear`, `Division`) VALUES
(1014, '18CS51', 0, '0000-00-00', '', 'A'),
(1010, '18CS51', 0, '0000-00-00', '', 'B'),
(1022, '18CS52', 0, '0000-00-00', '', 'A'),
(1020, '18CS52', 0, '0000-00-00', '', 'B'),
(1013, '18CS53', 0, '0000-00-00', '', 'A'),
(1013, '18CS53', 0, '0000-00-00', '', 'B'),
(1004, '18CS54', 0, '0000-00-00', '', 'A'),
(1024, '18CS54', 0, '0000-00-00', '', 'B'),
(1023, '18CS55', 0, '0000-00-00', '', 'A'),
(1019, '18CS55', 0, '0000-00-00', '', 'B'),
(1021, '18CS56', 0, '0000-00-00', '', 'A'),
(1018, '18CS56', 0, '0000-00-00', '', 'B'),
(1022, '18CSL57', 0, '0000-00-00', '', 'A'),
(1020, '18CSL57', 0, '0000-00-00', '', 'B'),
(1013, '18CSL58', 0, '0000-00-00', '', 'A'),
(1013, '18CSL58', 0, '0000-00-00', '', 'B'),
(1028, '21MAT31', 0, '0000-00-00', '', 'A'),
(1028, '21MAT31', 0, '0000-00-00', '', 'B'),
(1028, '21MAT31', 0, '0000-00-00', '', 'C'),
(1017, '21CS32', 0, '0000-00-00', '', 'A'),
(1014, '21CS32', 0, '0000-00-00', '', 'B'),
(1010, '21CS32', 0, '0000-00-00', '', 'C'),
(1011, '21CS33', 0, '0000-00-00', '', 'A'),
(1007, '21CS33', 0, '0000-00-00', '', 'B'),
(1007, '21CS33', 0, '0000-00-00', '', 'C'),
(1008, '21CS34', 0, '0000-00-00', '', 'A'),
(1018, '21CS34', 0, '0000-00-00', '', 'B'),
(1017, '21CS34', 0, '0000-00-00', '', 'C'),
(1018, '21CSL35', 0, '0000-00-00', '', 'A'),
(0, '', 0, '0000-00-00', '', ''),
(1018, '21CSL35', 0, '0000-00-00', '', 'B'),
(0, '', 0, '0000-00-00', '', ''),
(1030, '21CSL35', 0, '0000-00-00', '', 'C'),
(0, '', 0, '0000-00-00', '', ''),
(1005, '21UH36', 0, '0000-00-00', '', 'A'),
(1005, '21UH36', 0, '0000-00-00', '', 'B'),
(1005, '21UH36', 0, '0000-00-00', '', 'C'),
(1031, '21CIP37', 0, '0000-00-00', '', 'A'),
(1031, '21CIP37', 0, '0000-00-00', '', 'B'),
(1031, '21CIP37', 0, '0000-00-00', '', 'C'),
(1006, '21CS382', 0, '0000-00-00', '', 'A'),
(1022, '21CS382', 0, '0000-00-00', '', 'B'),
(1020, '21CS382', 0, '0000-00-00', '', 'C');

-- --------------------------------------------------------

--
-- Table structure for table `iascore`
--

CREATE TABLE `iascore` (
  `usn` char(10) NOT NULL,
  `scode` char(10) NOT NULL,
  `m1` float NOT NULL,
  `m2` float NOT NULL,
  `m3` float NOT NULL,
  `avg1` float NOT NULL,
  `ass1` float NOT NULL,
  `ass2` float NOT NULL,
  `gtotal` float NOT NULL,
  `percAttendance` float NOT NULL,
  `fname` varchar(30) NOT NULL,
  `division` char(1) NOT NULL
) ENGINE=InnoDB DEFAULT CHARSET=utf8mb4;

--
-- Dumping data for table `iascore`
--

INSERT INTO `iascore` (`usn`, `scode`, `m1`, `m2`, `m3`, `avg1`, `ass1`, `ass2`, `gtotal`, `percAttendance`, `fname`, `division`) VALUES
('2BU20CS001', '18CS51', 0, 0, 0, 0, 0, 0, 0, 0, 'Sunil', 'A'),
('2BU20CS002', '18CS51', 0, 0, 0, 0, 0, 0, 0, 0, '', 'A'),
('2BU20CS003', '18CS51', 0, 0, 0, 0, 0, 0, 0, 0, '', 'A'),
('2BU20CS004', '18CS51', 0, 0, 0, 0, 0, 0, 0, 0, '', 'A'),
('2BU20CS005', '18CS51', 0, 0, 0, 0, 0, 0, 0, 0, '', 'A'),
('2BU20CS006', '18CS51', 0, 0, 0, 0, 0, 0, 0, 0, '', 'A'),
('2BU20CS007', '18CS51', 0, 0, 0, 0, 0, 0, 0, 0, '', 'A'),
('2BU20CS008', '18CS51', 0, 0, 0, 0, 0, 0, 0, 0, '', 'A'),
('2BU20CS009', '18CS51', 0, 0, 0, 0, 0, 0, 0, 0, '', 'A'),
('2BU20CS010', '18CS51', 0, 0, 0, 0, 0, 0, 0, 0, '', 'A'),
('2BU20CS012', '18CS51', 0, 0, 0, 0, 0, 0, 0, 0, '', 'A'),
('2BU20CS013', '18CS51', 0, 0, 0, 0, 0, 0, 0, 0, '', 'A'),
('2BU20CS014', '18CS51', 0, 0, 0, 0, 0, 0, 0, 0, '', 'A'),
('2BU20CS015', '18CS51', 0, 0, 0, 0, 0, 0, 0, 0, '', 'A'),
('2BU20CS016', '18CS51', 0, 0, 0, 0, 0, 0, 0, 0, '', 'A'),
('2BU20CS017', '18CS51', 0, 0, 0, 0, 0, 0, 0, 0, '', 'A'),
('2BU20CS018', '18CS51', 0, 0, 0, 0, 0, 0, 0, 0, '', 'A'),
('2BU20CS019', '18CS51', 0, 0, 0, 0, 0, 0, 0, 0, '', 'A'),
('2BU20CS020', '18CS51', 0, 0, 0, 0, 0, 0, 0, 0, '', 'A'),
('2BU20CS021', '18CS51', 0, 0, 0, 0, 0, 0, 0, 0, '', 'A'),
('2BU20CS022', '18CS51', 0, 0, 0, 0, 0, 0, 0, 0, '', 'A'),
('2BU20CS023', '18CS51', 0, 0, 0, 0, 0, 0, 0, 0, '', 'A'),
('2BU20CS024', '18CS51', 0, 0, 0, 0, 0, 0, 0, 0, '', 'A'),
('2BU20CS025', '18CS51', 0, 0, 0, 0, 0, 0, 0, 0, '', 'A'),
('2BU20CS026', '18CS51', 0, 0, 0, 0, 0, 0, 0, 0, '', 'A'),
('2BU20CS027', '18CS51', 0, 0, 0, 0, 0, 0, 0, 0, '', 'A'),
('2BU20CS028', '18CS51', 0, 0, 0, 0, 0, 0, 0, 0, '', 'A'),
('2BU20CS029', '18CS51', 0, 0, 0, 0, 0, 0, 0, 0, '', 'A'),
('2BU20CS030', '18CS51', 0, 0, 0, 0, 0, 0, 0, 0, '', 'A'),
('2BU20CS031', '18CS51', 0, 0, 0, 0, 0, 0, 0, 0, '', 'A'),
('2BU20CS032', '18CS51', 0, 0, 0, 0, 0, 0, 0, 0, '', 'A'),
('2BU20CS033', '18CS51', 0, 0, 0, 0, 0, 0, 0, 0, '', 'A'),
('2BU20CS034', '18CS51', 0, 0, 0, 0, 0, 0, 0, 0, '', 'A'),
('2BU20CS035', '18CS51', 0, 0, 0, 0, 0, 0, 0, 0, '', 'A'),
('2BU20CS036', '18CS51', 0, 0, 0, 0, 0, 0, 0, 0, '', 'A'),
('2BU20CS037', '18CS51', 0, 0, 0, 0, 0, 0, 0, 0, '', 'A'),
('2BU20CS038', '18CS51', 0, 0, 0, 0, 0, 0, 0, 0, '', 'A'),
('2BU20CS039', '18CS51', 0, 0, 0, 0, 0, 0, 0, 0, '', 'A'),
('2BU20CS040', '18CS51', 0, 0, 0, 0, 0, 0, 0, 0, '', 'A'),
('2BU20CS041', '18CS51', 0, 0, 0, 0, 0, 0, 0, 0, '', 'A'),
('2BU20CS042', '18CS51', 0, 0, 0, 0, 0, 0, 0, 0, '', 'A'),
('2BU20CS043', '18CS51', 0, 0, 0, 0, 0, 0, 0, 0, '', 'A'),
('2BU20CS044', '18CS51', 0, 0, 0, 0, 0, 0, 0, 0, '', 'A'),
('2BU20CS045', '18CS51', 0, 0, 0, 0, 0, 0, 0, 0, '', 'A'),
('2BU20CS046', '18CS51', 0, 0, 0, 0, 0, 0, 0, 0, '', 'A'),
('2BU20CS047', '18CS51', 0, 0, 0, 0, 0, 0, 0, 0, '', 'A'),
('2BU20CS048', '18CS51', 0, 0, 0, 0, 0, 0, 0, 0, '', 'A'),
('2BU20CS049', '18CS51', 0, 0, 0, 0, 0, 0, 0, 0, '', 'A'),
('2BU20CS050', '18CS51', 0, 0, 0, 0, 0, 0, 0, 0, '', 'A'),
('2BU20CS051', '18CS51', 0, 0, 0, 0, 0, 0, 0, 0, '', 'A'),
('2BU20CS052', '18CS51', 0, 0, 0, 0, 0, 0, 0, 0, '', 'A'),
('2BU20CS053', '18CS51', 0, 0, 0, 0, 0, 0, 0, 0, '', 'A'),
('2BU20CS054', '18CS51', 0, 0, 0, 0, 0, 0, 0, 0, '', 'A'),
('2BU20CS055', '18CS51', 0, 0, 0, 0, 0, 0, 0, 0, '', 'A'),
('2BU20CS056', '18CS51', 0, 0, 0, 0, 0, 0, 0, 0, '', 'A'),
('2BU20CS057', '18CS51', 0, 0, 0, 0, 0, 0, 0, 0, '', 'A'),
('2BU20CS058', '18CS51', 0, 0, 0, 0, 0, 0, 0, 0, '', 'A'),
('2BU21CS400', '18CS51', 0, 0, 0, 0, 0, 0, 0, 0, '', 'A'),
('2BU21CS401', '18CS51', 0, 0, 0, 0, 0, 0, 0, 0, '', 'A'),
('2BU21CS402', '18CS51', 0, 0, 0, 0, 0, 0, 0, 0, '', 'A'),
('2BU21CS404', '18CS51', 0, 0, 0, 0, 0, 0, 0, 0, '', 'A'),
('2BU21CS405', '18CS51', 0, 0, 0, 0, 0, 0, 0, 0, '', 'A'),
('2BU21CS406', '18CS51', 0, 0, 0, 0, 0, 0, 0, 0, '', 'A'),
('2BU21CS407', '18CS51', 0, 0, 0, 0, 0, 0, 0, 0, '', 'A'),
('2BU21CS409', '18CS51', 0, 0, 0, 0, 0, 0, 0, 0, '', 'A'),
('2BU21CS410', '18CS51', 0, 0, 0, 0, 0, 0, 0, 0, '', 'A'),
('2BU21CS411', '18CS51', 0, 0, 0, 0, 0, 0, 0, 0, '', 'A'),
('2BU21CS412', '18CS51', 0, 0, 0, 0, 0, 0, 0, 0, '', 'A'),
('2BU21CS413', '18CS51', 0, 0, 0, 0, 0, 0, 0, 0, '', 'A'),
('2BU21CS422', '18CS51', 0, 0, 0, 0, 0, 0, 0, 0, '', 'A'),
('2BU20CS059', '18CS51', 0, 0, 0, 0, 0, 0, 0, 0, '', 'B'),
('2BU20CS060', '18CS51', 0, 0, 0, 0, 0, 0, 0, 0, '', 'B'),
('2BU20CS061', '18CS51', 0, 0, 0, 0, 0, 0, 0, 0, '', 'B'),
('2BU20CS062', '18CS51', 0, 0, 0, 0, 0, 0, 0, 0, '', 'B'),
('2BU20CS063', '18CS51', 0, 0, 0, 0, 0, 0, 0, 0, '', 'B'),
('2BU20CS064', '18CS51', 0, 0, 0, 0, 0, 0, 0, 0, '', 'B'),
('2BU20CS065', '18CS51', 0, 0, 0, 0, 0, 0, 0, 0, '', 'B'),
('2BU20CS066', '18CS51', 0, 0, 0, 0, 0, 0, 0, 0, '', 'B'),
('2BU20CS067', '18CS51', 0, 0, 0, 0, 0, 0, 0, 0, '', 'B'),
('2BU20CS068', '18CS51', 0, 0, 0, 0, 0, 0, 0, 0, '', 'B'),
('2BU20CS069', '18CS51', 0, 0, 0, 0, 0, 0, 0, 0, '', 'B'),
('2BU20CS070', '18CS51', 0, 0, 0, 0, 0, 0, 0, 0, '', 'B'),
('2BU20CS071', '18CS51', 0, 0, 0, 0, 0, 0, 0, 0, '', 'B'),
('2BU20CS072', '18CS51', 0, 0, 0, 0, 0, 0, 0, 0, '', 'B'),
('2BU20CS073', '18CS51', 0, 0, 0, 0, 0, 0, 0, 0, '', 'B'),
('2BU20CS074', '18CS51', 0, 0, 0, 0, 0, 0, 0, 0, '', 'B'),
('2BU20CS075', '18CS51', 0, 0, 0, 0, 0, 0, 0, 0, '', 'B'),
('2BU20CS076', '18CS51', 0, 0, 0, 0, 0, 0, 0, 0, '', 'B'),
('2BU20CS077', '18CS51', 0, 0, 0, 0, 0, 0, 0, 0, '', 'B'),
('2BU20CS078', '18CS51', 0, 0, 0, 0, 0, 0, 0, 0, '', 'B'),
('2BU20CS079', '18CS51', 0, 0, 0, 0, 0, 0, 0, 0, '', 'B'),
('2BU20CS080', '18CS51', 0, 0, 0, 0, 0, 0, 0, 0, '', 'B'),
('2BU20CS081', '18CS51', 0, 0, 0, 0, 0, 0, 0, 0, '', 'B'),
('2BU20CS082', '18CS51', 0, 0, 0, 0, 0, 0, 0, 0, '', 'B'),
('2BU20CS083', '18CS51', 0, 0, 0, 0, 0, 0, 0, 0, '', 'B'),
('2BU20CS084', '18CS51', 0, 0, 0, 0, 0, 0, 0, 0, '', 'B'),
('2BU20CS085', '18CS51', 0, 0, 0, 0, 0, 0, 0, 0, '', 'B'),
('2BU20CS086', '18CS51', 0, 0, 0, 0, 0, 0, 0, 0, '', 'B'),
('2BU20CS087', '18CS51', 0, 0, 0, 0, 0, 0, 0, 0, '', 'B'),
('2BU20CS088', '18CS51', 0, 0, 0, 0, 0, 0, 0, 0, '', 'B'),
('2BU20CS089', '18CS51', 0, 0, 0, 0, 0, 0, 0, 0, '', 'B'),
('2BU20CS090', '18CS51', 0, 0, 0, 0, 0, 0, 0, 0, '', 'B'),
('2BU20CS091', '18CS51', 0, 0, 0, 0, 0, 0, 0, 0, '', 'B'),
('2BU20CS092', '18CS51', 0, 0, 0, 0, 0, 0, 0, 0, '', 'B'),
('2BU20CS093', '18CS51', 0, 0, 0, 0, 0, 0, 0, 0, '', 'B'),
('2BU20CS094', '18CS51', 0, 0, 0, 0, 0, 0, 0, 0, '', 'B'),
('2BU20CS095', '18CS51', 0, 0, 0, 0, 0, 0, 0, 0, '', 'B'),
('2BU20CS096', '18CS51', 0, 0, 0, 0, 0, 0, 0, 0, '', 'B'),
('2BU20CS097', '18CS51', 0, 0, 0, 0, 0, 0, 0, 0, '', 'B'),
('2BU20CS098', '18CS51', 0, 0, 0, 0, 0, 0, 0, 0, '', 'B'),
('2BU20CS099', '18CS51', 0, 0, 0, 0, 0, 0, 0, 0, '', 'B'),
('2BU20CS100', '18CS51', 0, 0, 0, 0, 0, 0, 0, 0, '', 'B'),
('2BU20CS101', '18CS51', 0, 0, 0, 0, 0, 0, 0, 0, '', 'B'),
('2BU20CS102', '18CS51', 0, 0, 0, 0, 0, 0, 0, 0, '', 'B'),
('2BU20CS103', '18CS51', 0, 0, 0, 0, 0, 0, 0, 0, '', 'B'),
('2BU20CS104', '18CS51', 0, 0, 0, 0, 0, 0, 0, 0, '', 'B'),
('2BU20CS105', '18CS51', 0, 0, 0, 0, 0, 0, 0, 0, '', 'B'),
('2BU20CS106', '18CS51', 0, 0, 0, 0, 0, 0, 0, 0, '', 'B'),
('2BU20CS107', '18CS51', 0, 0, 0, 0, 0, 0, 0, 0, '', 'B'),
('2BU21CS403', '18CS51', 0, 0, 0, 0, 0, 0, 0, 0, '', 'B'),
('2BU21CS408', '18CS51', 0, 0, 0, 0, 0, 0, 0, 0, '', 'B'),
('2BU21CS414', '18CS51', 0, 0, 0, 0, 0, 0, 0, 0, '', 'B'),
('2BU21CS415', '18CS51', 0, 0, 0, 0, 0, 0, 0, 0, '', 'B'),
('2BU21CS416', '18CS51', 0, 0, 0, 0, 0, 0, 0, 0, '', 'B'),
('2BU21CS417', '18CS51', 0, 0, 0, 0, 0, 0, 0, 0, '', 'B'),
('2BU21CS418', '18CS51', 0, 0, 0, 0, 0, 0, 0, 0, '', 'B'),
('2BU21CS419', '18CS51', 0, 0, 0, 0, 0, 0, 0, 0, '', 'B'),
('2BU21CS420', '18CS51', 0, 0, 0, 0, 0, 0, 0, 0, '', 'B'),
('2BU21CS421', '18CS51', 0, 0, 0, 0, 0, 0, 0, 0, '', 'B'),
('2BU21CS423', '18CS51', 0, 0, 0, 0, 0, 0, 0, 0, '', 'B'),
('2BU21CS424', '18CS51', 0, 0, 0, 0, 0, 0, 0, 0, '', 'B'),
('2BU21CS425', '18CS51', 0, 0, 0, 0, 0, 0, 0, 0, '', 'B'),
('2BU21CS426', '18CS51', 0, 0, 0, 0, 0, 0, 0, 0, '', 'B'),
('2BU21CS427', '18CS51', 0, 0, 0, 0, 0, 0, 0, 0, '', 'B'),
('2BU21CS428', '18CS51', 0, 0, 0, 0, 0, 0, 0, 0, '', 'B'),
('2BU21CS429', '18CS51', 0, 0, 0, 0, 0, 0, 0, 0, '', 'B'),
('2BU20CS001', '18CS52', 0, 0, 0, 0, 0, 0, 0, 0, '', 'A'),
('2BU20CS002', '18CS52', 0, 0, 0, 0, 0, 0, 0, 0, '', 'A'),
('2BU20CS003', '18CS52', 0, 0, 0, 0, 0, 0, 0, 0, '', 'A'),
('2BU20CS004', '18CS52', 0, 0, 0, 0, 0, 0, 0, 0, '', 'A'),
('2BU20CS005', '18CS52', 0, 0, 0, 0, 0, 0, 0, 0, '', 'A'),
('2BU20CS006', '18CS52', 0, 0, 0, 0, 0, 0, 0, 0, '', 'A'),
('2BU20CS007', '18CS52', 0, 0, 0, 0, 0, 0, 0, 0, '', 'A'),
('2BU20CS008', '18CS52', 0, 0, 0, 0, 0, 0, 0, 0, '', 'A'),
('2BU20CS009', '18CS52', 0, 0, 0, 0, 0, 0, 0, 0, '', 'A'),
('2BU20CS010', '18CS52', 0, 0, 0, 0, 0, 0, 0, 0, '', 'A'),
('2BU20CS012', '18CS52', 0, 0, 0, 0, 0, 0, 0, 0, '', 'A'),
('2BU20CS013', '18CS52', 0, 0, 0, 0, 0, 0, 0, 0, '', 'A'),
('2BU20CS014', '18CS52', 0, 0, 0, 0, 0, 0, 0, 0, '', 'A'),
('2BU20CS015', '18CS52', 0, 0, 0, 0, 0, 0, 0, 0, '', 'A'),
('2BU20CS016', '18CS52', 0, 0, 0, 0, 0, 0, 0, 0, '', 'A'),
('2BU20CS017', '18CS52', 0, 0, 0, 0, 0, 0, 0, 0, '', 'A'),
('2BU20CS018', '18CS52', 0, 0, 0, 0, 0, 0, 0, 0, '', 'A'),
('2BU20CS019', '18CS52', 0, 0, 0, 0, 0, 0, 0, 0, '', 'A'),
('2BU20CS020', '18CS52', 0, 0, 0, 0, 0, 0, 0, 0, '', 'A'),
('2BU20CS021', '18CS52', 0, 0, 0, 0, 0, 0, 0, 0, '', 'A'),
('2BU20CS022', '18CS52', 0, 0, 0, 0, 0, 0, 0, 0, '', 'A'),
('2BU20CS023', '18CS52', 0, 0, 0, 0, 0, 0, 0, 0, '', 'A'),
('2BU20CS024', '18CS52', 0, 0, 0, 0, 0, 0, 0, 0, '', 'A'),
('2BU20CS025', '18CS52', 0, 0, 0, 0, 0, 0, 0, 0, '', 'A'),
('2BU20CS026', '18CS52', 0, 0, 0, 0, 0, 0, 0, 0, '', 'A'),
('2BU20CS027', '18CS52', 0, 0, 0, 0, 0, 0, 0, 0, '', 'A'),
('2BU20CS028', '18CS52', 0, 0, 0, 0, 0, 0, 0, 0, '', 'A'),
('2BU20CS029', '18CS52', 0, 0, 0, 0, 0, 0, 0, 0, '', 'A'),
('2BU20CS030', '18CS52', 0, 0, 0, 0, 0, 0, 0, 0, '', 'A'),
('2BU20CS031', '18CS52', 0, 0, 0, 0, 0, 0, 0, 0, '', 'A'),
('2BU20CS032', '18CS52', 0, 0, 0, 0, 0, 0, 0, 0, '', 'A'),
('2BU20CS033', '18CS52', 0, 0, 0, 0, 0, 0, 0, 0, '', 'A'),
('2BU20CS034', '18CS52', 0, 0, 0, 0, 0, 0, 0, 0, '', 'A'),
('2BU20CS035', '18CS52', 0, 0, 0, 0, 0, 0, 0, 0, '', 'A'),
('2BU20CS036', '18CS52', 0, 0, 0, 0, 0, 0, 0, 0, '', 'A'),
('2BU20CS037', '18CS52', 0, 0, 0, 0, 0, 0, 0, 0, '', 'A'),
('2BU20CS038', '18CS52', 0, 0, 0, 0, 0, 0, 0, 0, '', 'A'),
('2BU20CS039', '18CS52', 0, 0, 0, 0, 0, 0, 0, 0, '', 'A'),
('2BU20CS040', '18CS52', 0, 0, 0, 0, 0, 0, 0, 0, '', 'A'),
('2BU20CS041', '18CS52', 0, 0, 0, 0, 0, 0, 0, 0, '', 'A'),
('2BU20CS042', '18CS52', 0, 0, 0, 0, 0, 0, 0, 0, '', 'A'),
('2BU20CS043', '18CS52', 0, 0, 0, 0, 0, 0, 0, 0, '', 'A'),
('2BU20CS044', '18CS52', 0, 0, 0, 0, 0, 0, 0, 0, '', 'A'),
('2BU20CS045', '18CS52', 0, 0, 0, 0, 0, 0, 0, 0, '', 'A'),
('2BU20CS046', '18CS52', 0, 0, 0, 0, 0, 0, 0, 0, '', 'A'),
('2BU20CS047', '18CS52', 0, 0, 0, 0, 0, 0, 0, 0, '', 'A'),
('2BU20CS048', '18CS52', 0, 0, 0, 0, 0, 0, 0, 0, '', 'A'),
('2BU20CS049', '18CS52', 0, 0, 0, 0, 0, 0, 0, 0, '', 'A'),
('2BU20CS050', '18CS52', 0, 0, 0, 0, 0, 0, 0, 0, '', 'A'),
('2BU20CS051', '18CS52', 0, 0, 0, 0, 0, 0, 0, 0, '', 'A'),
('2BU20CS052', '18CS52', 0, 0, 0, 0, 0, 0, 0, 0, '', 'A'),
('2BU20CS053', '18CS52', 0, 0, 0, 0, 0, 0, 0, 0, '', 'A'),
('2BU20CS054', '18CS52', 0, 0, 0, 0, 0, 0, 0, 0, '', 'A'),
('2BU20CS055', '18CS52', 0, 0, 0, 0, 0, 0, 0, 0, '', 'A'),
('2BU20CS056', '18CS52', 0, 0, 0, 0, 0, 0, 0, 0, '', 'A'),
('2BU20CS057', '18CS52', 0, 0, 0, 0, 0, 0, 0, 0, '', 'A'),
('2BU20CS058', '18CS52', 0, 0, 0, 0, 0, 0, 0, 0, '', 'A'),
('2BU21CS400', '18CS52', 0, 0, 0, 0, 0, 0, 0, 0, '', 'A'),
('2BU21CS401', '18CS52', 0, 0, 0, 0, 0, 0, 0, 0, '', 'A'),
('2BU21CS402', '18CS52', 0, 0, 0, 0, 0, 0, 0, 0, '', 'A'),
('2BU21CS404', '18CS52', 0, 0, 0, 0, 0, 0, 0, 0, '', 'A'),
('2BU21CS405', '18CS52', 0, 0, 0, 0, 0, 0, 0, 0, '', 'A'),
('2BU21CS406', '18CS52', 0, 0, 0, 0, 0, 0, 0, 0, '', 'A'),
('2BU21CS407', '18CS52', 0, 0, 0, 0, 0, 0, 0, 0, '', 'A'),
('2BU21CS409', '18CS52', 0, 0, 0, 0, 0, 0, 0, 0, '', 'A'),
('2BU21CS410', '18CS52', 0, 0, 0, 0, 0, 0, 0, 0, '', 'A'),
('2BU21CS411', '18CS52', 0, 0, 0, 0, 0, 0, 0, 0, '', 'A'),
('2BU21CS412', '18CS52', 0, 0, 0, 0, 0, 0, 0, 0, '', 'A'),
('2BU21CS413', '18CS52', 0, 0, 0, 0, 0, 0, 0, 0, '', 'A'),
('2BU21CS422', '18CS52', 0, 0, 0, 0, 0, 0, 0, 0, '', 'A'),
('2BU20CS059', '18CS52', 0, 0, 0, 0, 0, 0, 0, 43, '', 'B'),
('2BU20CS060', '18CS52', 0, 0, 0, 0, 0, 0, 0, 0, '', 'B'),
('2BU20CS061', '18CS52', 0, 0, 0, 0, 0, 0, 0, 0, '', 'B'),
('2BU20CS062', '18CS52', 0, 0, 0, 0, 0, 0, 0, 0, '', 'B'),
('2BU20CS063', '18CS52', 0, 0, 0, 0, 0, 0, 0, 0, '', 'B'),
('2BU20CS064', '18CS52', 0, 0, 0, 0, 0, 0, 0, 0, '', 'B'),
('2BU20CS065', '18CS52', 0, 0, 0, 0, 0, 0, 0, 0, '', 'B'),
('2BU20CS066', '18CS52', 0, 0, 0, 0, 0, 0, 0, 0, '', 'B'),
('2BU20CS067', '18CS52', 0, 0, 0, 0, 0, 0, 0, 0, '', 'B'),
('2BU20CS068', '18CS52', 0, 0, 0, 0, 0, 0, 0, 0, '', 'B'),
('2BU20CS069', '18CS52', 0, 0, 0, 0, 0, 0, 0, 0, '', 'B'),
('2BU20CS070', '18CS52', 0, 0, 0, 0, 0, 0, 0, 0, '', 'B'),
('2BU20CS071', '18CS52', 0, 0, 0, 0, 0, 0, 0, 0, '', 'B'),
('2BU20CS072', '18CS52', 0, 0, 0, 0, 0, 0, 0, 0, '', 'B'),
('2BU20CS073', '18CS52', 0, 0, 0, 0, 0, 0, 0, 0, '', 'B'),
('2BU20CS074', '18CS52', 0, 0, 0, 0, 0, 0, 0, 0, '', 'B'),
('2BU20CS075', '18CS52', 0, 0, 0, 0, 0, 0, 0, 0, '', 'B'),
('2BU20CS076', '18CS52', 0, 0, 0, 0, 0, 0, 0, 0, '', 'B'),
('2BU20CS077', '18CS52', 0, 0, 0, 0, 0, 0, 0, 0, '', 'B'),
('2BU20CS078', '18CS52', 0, 0, 0, 0, 0, 0, 0, 0, '', 'B'),
('2BU20CS079', '18CS52', 0, 0, 0, 0, 0, 0, 0, 0, '', 'B'),
('2BU20CS080', '18CS52', 0, 0, 0, 0, 0, 0, 0, 0, '', 'B'),
('2BU20CS081', '18CS52', 0, 0, 0, 0, 0, 0, 0, 0, '', 'B'),
('2BU20CS082', '18CS52', 0, 0, 0, 0, 0, 0, 0, 0, '', 'B'),
('2BU20CS083', '18CS52', 0, 0, 0, 0, 0, 0, 0, 0, '', 'B'),
('2BU20CS084', '18CS52', 0, 0, 0, 0, 0, 0, 0, 0, '', 'B'),
('2BU20CS085', '18CS52', 0, 0, 0, 0, 0, 0, 0, 0, '', 'B'),
('2BU20CS086', '18CS52', 0, 0, 0, 0, 0, 0, 0, 0, '', 'B'),
('2BU20CS087', '18CS52', 0, 0, 0, 0, 0, 0, 0, 0, '', 'B'),
('2BU20CS088', '18CS52', 0, 0, 0, 0, 0, 0, 0, 0, '', 'B'),
('2BU20CS089', '18CS52', 0, 0, 0, 0, 0, 0, 0, 0, '', 'B'),
('2BU20CS090', '18CS52', 0, 0, 0, 0, 0, 0, 0, 0, '', 'B'),
('2BU20CS091', '18CS52', 0, 0, 0, 0, 0, 0, 0, 0, '', 'B'),
('2BU20CS092', '18CS52', 0, 0, 0, 0, 0, 0, 0, 0, '', 'B'),
('2BU20CS093', '18CS52', 0, 0, 0, 0, 0, 0, 0, 0, '', 'B'),
('2BU20CS094', '18CS52', 0, 0, 0, 0, 0, 0, 0, 0, '', 'B'),
('2BU20CS095', '18CS52', 0, 0, 0, 0, 0, 0, 0, 0, '', 'B'),
('2BU20CS096', '18CS52', 0, 0, 0, 0, 0, 0, 0, 0, '', 'B'),
('2BU20CS097', '18CS52', 0, 0, 0, 0, 0, 0, 0, 0, '', 'B'),
('2BU20CS098', '18CS52', 0, 0, 0, 0, 0, 0, 0, 0, '', 'B'),
('2BU20CS099', '18CS52', 0, 0, 0, 0, 0, 0, 0, 0, '', 'B'),
('2BU20CS100', '18CS52', 0, 0, 0, 0, 0, 0, 0, 0, '', 'B'),
('2BU20CS101', '18CS52', 0, 0, 0, 0, 0, 0, 0, 0, '', 'B'),
('2BU20CS102', '18CS52', 0, 0, 0, 0, 0, 0, 0, 0, '', 'B'),
('2BU20CS103', '18CS52', 0, 0, 0, 0, 0, 0, 0, 0, '', 'B'),
('2BU20CS104', '18CS52', 0, 0, 0, 0, 0, 0, 0, 0, '', 'B'),
('2BU20CS105', '18CS52', 0, 0, 0, 0, 0, 0, 0, 0, '', 'B'),
('2BU20CS106', '18CS52', 0, 0, 0, 0, 0, 0, 0, 0, '', 'B'),
('2BU20CS107', '18CS52', 0, 0, 0, 0, 0, 0, 0, 0, '', 'B'),
('2BU21CS403', '18CS52', 0, 0, 0, 0, 0, 0, 0, 0, '', 'B'),
('2BU21CS408', '18CS52', 0, 0, 0, 0, 0, 0, 0, 0, '', 'B'),
('2BU21CS414', '18CS52', 0, 0, 0, 0, 0, 0, 0, 0, '', 'B'),
('2BU21CS415', '18CS52', 0, 0, 0, 0, 0, 0, 0, 0, '', 'B'),
('2BU21CS416', '18CS52', 0, 0, 0, 0, 0, 0, 0, 0, '', 'B'),
('2BU21CS417', '18CS52', 0, 0, 0, 0, 0, 0, 0, 0, '', 'B'),
('2BU21CS418', '18CS52', 0, 0, 0, 0, 0, 0, 0, 0, '', 'B'),
('2BU21CS419', '18CS52', 0, 0, 0, 0, 0, 0, 0, 0, '', 'B'),
('2BU21CS420', '18CS52', 0, 0, 0, 0, 0, 0, 0, 0, '', 'B'),
('2BU21CS421', '18CS52', 0, 0, 0, 0, 0, 0, 0, 0, '', 'B'),
('2BU21CS423', '18CS52', 0, 0, 0, 0, 0, 0, 0, 0, '', 'B'),
('2BU21CS424', '18CS52', 0, 0, 0, 0, 0, 0, 0, 0, '', 'B'),
('2BU21CS425', '18CS52', 0, 0, 0, 0, 0, 0, 0, 0, '', 'B'),
('2BU21CS426', '18CS52', 0, 0, 0, 0, 0, 0, 0, 0, '', 'B'),
('2BU21CS427', '18CS52', 0, 0, 0, 0, 0, 0, 0, 0, '', 'B'),
('2BU21CS428', '18CS52', 0, 0, 0, 0, 0, 0, 0, 0, '', 'B'),
('2BU21CS429', '18CS52', 0, 0, 0, 0, 0, 0, 0, 0, '', 'B'),
('2BU20CS001', '18CS53', 0, 0, 0, 0, 0, 0, 0, 76, '', 'A'),
('2BU20CS002', '18CS53', 0, 0, 0, 0, 0, 0, 0, 78, '', 'A'),
('2BU20CS003', '18CS53', 0, 0, 0, 0, 0, 0, 0, 56, '', 'A'),
('2BU20CS004', '18CS53', 0, 0, 0, 0, 0, 0, 0, 98, '', 'A'),
('2BU20CS005', '18CS53', 0, 0, 0, 0, 0, 0, 0, 100, '', 'A'),
('2BU20CS006', '18CS53', 0, 0, 0, 0, 0, 0, 0, 86, '', 'A'),
('2BU20CS007', '18CS53', 0, 0, 0, 0, 0, 0, 0, 75, '', 'A'),
('2BU20CS008', '18CS53', 0, 0, 0, 0, 0, 0, 0, 0, '', 'A'),
('2BU20CS009', '18CS53', 0, 0, 0, 0, 0, 0, 0, 0, '', 'A'),
('2BU20CS010', '18CS53', 0, 0, 0, 0, 0, 0, 0, 0, '', 'A'),
('2BU20CS012', '18CS53', 0, 0, 0, 0, 0, 0, 0, 0, '', 'A'),
('2BU20CS013', '18CS53', 0, 0, 0, 0, 0, 0, 0, 0, '', 'A'),
('2BU20CS014', '18CS53', 0, 0, 0, 0, 0, 0, 0, 0, '', 'A'),
('2BU20CS015', '18CS53', 0, 0, 0, 0, 0, 0, 0, 0, '', 'A'),
('2BU20CS016', '18CS53', 0, 0, 0, 0, 0, 0, 0, 0, '', 'A'),
('2BU20CS017', '18CS53', 0, 0, 0, 0, 0, 0, 0, 0, '', 'A'),
('2BU20CS018', '18CS53', 0, 0, 0, 0, 0, 0, 0, 0, '', 'A'),
('2BU20CS019', '18CS53', 0, 0, 0, 0, 0, 0, 0, 0, '', 'A'),
('2BU20CS020', '18CS53', 0, 0, 0, 0, 0, 0, 0, 0, '', 'A'),
('2BU20CS021', '18CS53', 0, 0, 0, 0, 0, 0, 0, 0, '', 'A'),
('2BU20CS022', '18CS53', 0, 0, 0, 0, 0, 0, 0, 0, '', 'A'),
('2BU20CS023', '18CS53', 0, 0, 0, 0, 0, 0, 0, 0, '', 'A'),
('2BU20CS024', '18CS53', 0, 0, 0, 0, 0, 0, 0, 0, '', 'A'),
('2BU20CS025', '18CS53', 0, 0, 0, 0, 0, 0, 0, 0, '', 'A'),
('2BU20CS026', '18CS53', 0, 0, 0, 0, 0, 0, 0, 0, '', 'A'),
('2BU20CS027', '18CS53', 0, 0, 0, 0, 0, 0, 0, 0, '', 'A'),
('2BU20CS028', '18CS53', 0, 0, 0, 0, 0, 0, 0, 0, '', 'A'),
('2BU20CS029', '18CS53', 0, 0, 0, 0, 0, 0, 0, 0, '', 'A'),
('2BU20CS030', '18CS53', 0, 0, 0, 0, 0, 0, 0, 0, '', 'A'),
('2BU20CS031', '18CS53', 0, 0, 0, 0, 0, 0, 0, 0, '', 'A'),
('2BU20CS032', '18CS53', 0, 0, 0, 0, 0, 0, 0, 0, '', 'A'),
('2BU20CS033', '18CS53', 0, 0, 0, 0, 0, 0, 0, 0, '', 'A'),
('2BU20CS034', '18CS53', 0, 0, 0, 0, 0, 0, 0, 0, '', 'A'),
('2BU20CS035', '18CS53', 0, 0, 0, 0, 0, 0, 0, 0, '', 'A'),
('2BU20CS036', '18CS53', 0, 0, 0, 0, 0, 0, 0, 0, '', 'A'),
('2BU20CS037', '18CS53', 0, 0, 0, 0, 0, 0, 0, 0, '', 'A'),
('2BU20CS038', '18CS53', 0, 0, 0, 0, 0, 0, 0, 0, '', 'A'),
('2BU20CS039', '18CS53', 0, 0, 0, 0, 0, 0, 0, 0, '', 'A'),
('2BU20CS040', '18CS53', 0, 0, 0, 0, 0, 0, 0, 0, '', 'A'),
('2BU20CS041', '18CS53', 0, 0, 0, 0, 0, 0, 0, 0, '', 'A'),
('2BU20CS042', '18CS53', 0, 0, 0, 0, 0, 0, 0, 0, '', 'A'),
('2BU20CS043', '18CS53', 0, 0, 0, 0, 0, 0, 0, 0, '', 'A'),
('2BU20CS044', '18CS53', 0, 0, 0, 0, 0, 0, 0, 0, '', 'A'),
('2BU20CS045', '18CS53', 0, 0, 0, 0, 0, 0, 0, 0, '', 'A'),
('2BU20CS046', '18CS53', 0, 0, 0, 0, 0, 0, 0, 0, '', 'A'),
('2BU20CS047', '18CS53', 0, 0, 0, 0, 0, 0, 0, 0, '', 'A'),
('2BU20CS048', '18CS53', 0, 0, 0, 0, 0, 0, 0, 0, '', 'A'),
('2BU20CS049', '18CS53', 0, 0, 0, 0, 0, 0, 0, 0, '', 'A'),
('2BU20CS050', '18CS53', 0, 0, 0, 0, 0, 0, 0, 0, '', 'A'),
('2BU20CS051', '18CS53', 0, 0, 0, 0, 0, 0, 0, 0, '', 'A'),
('2BU20CS052', '18CS53', 0, 0, 0, 0, 0, 0, 0, 0, '', 'A'),
('2BU20CS053', '18CS53', 0, 0, 0, 0, 0, 0, 0, 0, '', 'A'),
('2BU20CS054', '18CS53', 0, 0, 0, 0, 0, 0, 0, 0, '', 'A'),
('2BU20CS055', '18CS53', 0, 0, 0, 0, 0, 0, 0, 0, '', 'A'),
('2BU20CS056', '18CS53', 0, 0, 0, 0, 0, 0, 0, 0, '', 'A'),
('2BU20CS057', '18CS53', 0, 0, 0, 0, 0, 0, 0, 0, '', 'A'),
('2BU20CS058', '18CS53', 0, 0, 0, 0, 0, 0, 0, 0, '', 'A'),
('2BU21CS400', '18CS53', 0, 0, 0, 0, 0, 0, 0, 0, '', 'A'),
('2BU21CS401', '18CS53', 0, 0, 0, 0, 0, 0, 0, 0, '', 'A'),
('2BU21CS402', '18CS53', 0, 0, 0, 0, 0, 0, 0, 0, '', 'A'),
('2BU21CS404', '18CS53', 0, 0, 0, 0, 0, 0, 0, 0, '', 'A'),
('2BU21CS405', '18CS53', 0, 0, 0, 0, 0, 0, 0, 0, '', 'A'),
('2BU21CS406', '18CS53', 0, 0, 0, 0, 0, 0, 0, 0, '', 'A'),
('2BU21CS407', '18CS53', 0, 0, 0, 0, 0, 0, 0, 0, '', 'A'),
('2BU21CS409', '18CS53', 0, 0, 0, 0, 0, 0, 0, 0, '', 'A'),
('2BU21CS410', '18CS53', 0, 0, 0, 0, 0, 0, 0, 0, '', 'A'),
('2BU21CS411', '18CS53', 0, 0, 0, 0, 0, 0, 0, 0, '', 'A'),
('2BU21CS412', '18CS53', 0, 0, 0, 0, 0, 0, 0, 0, '', 'A'),
('2BU21CS413', '18CS53', 0, 0, 0, 0, 0, 0, 0, 0, '', 'A'),
('2BU21CS422', '18CS53', 0, 0, 0, 0, 0, 0, 0, 0, '', 'A'),
('2BU20CS059', '18CS53', 0, 0, 0, 0, 0, 0, 0, 87, '', 'B'),
('2BU20CS060', '18CS53', 0, 0, 0, 0, 0, 0, 0, 78, '', 'B'),
('2BU20CS061', '18CS53', 0, 0, 0, 0, 0, 0, 0, 98, '', 'B'),
('2BU20CS062', '18CS53', 0, 0, 0, 0, 0, 0, 0, 76, '', 'B'),
('2BU20CS063', '18CS53', 0, 0, 0, 0, 0, 0, 0, 47, '', 'B'),
('2BU20CS064', '18CS53', 0, 0, 0, 0, 0, 0, 0, 56, '', 'B'),
('2BU20CS065', '18CS53', 0, 0, 0, 0, 0, 0, 0, 98, '', 'B'),
('2BU20CS066', '18CS53', 0, 0, 0, 0, 0, 0, 0, 0, '', 'B'),
('2BU20CS067', '18CS53', 0, 0, 0, 0, 0, 0, 0, 0, '', 'B'),
('2BU20CS068', '18CS53', 0, 0, 0, 0, 0, 0, 0, 0, '', 'B'),
('2BU20CS069', '18CS53', 0, 0, 0, 0, 0, 0, 0, 0, '', 'B'),
('2BU20CS070', '18CS53', 0, 0, 0, 0, 0, 0, 0, 0, '', 'B'),
('2BU20CS071', '18CS53', 0, 0, 0, 0, 0, 0, 0, 0, '', 'B'),
('2BU20CS072', '18CS53', 0, 0, 0, 0, 0, 0, 0, 0, '', 'B'),
('2BU20CS073', '18CS53', 0, 0, 0, 0, 0, 0, 0, 0, '', 'B'),
('2BU20CS074', '18CS53', 0, 0, 0, 0, 0, 0, 0, 0, '', 'B'),
('2BU20CS075', '18CS53', 0, 0, 0, 0, 0, 0, 0, 0, '', 'B'),
('2BU20CS076', '18CS53', 0, 0, 0, 0, 0, 0, 0, 0, '', 'B'),
('2BU20CS077', '18CS53', 0, 0, 0, 0, 0, 0, 0, 0, '', 'B'),
('2BU20CS078', '18CS53', 0, 0, 0, 0, 0, 0, 0, 0, '', 'B'),
('2BU20CS079', '18CS53', 0, 0, 0, 0, 0, 0, 0, 0, '', 'B'),
('2BU20CS080', '18CS53', 0, 0, 0, 0, 0, 0, 0, 0, '', 'B'),
('2BU20CS081', '18CS53', 0, 0, 0, 0, 0, 0, 0, 0, '', 'B'),
('2BU20CS082', '18CS53', 0, 0, 0, 0, 0, 0, 0, 0, '', 'B'),
('2BU20CS083', '18CS53', 0, 0, 0, 0, 0, 0, 0, 0, '', 'B'),
('2BU20CS084', '18CS53', 0, 0, 0, 0, 0, 0, 0, 0, '', 'B'),
('2BU20CS085', '18CS53', 0, 0, 0, 0, 0, 0, 0, 0, '', 'B'),
('2BU20CS086', '18CS53', 0, 0, 0, 0, 0, 0, 0, 0, '', 'B'),
('2BU20CS087', '18CS53', 0, 0, 0, 0, 0, 0, 0, 0, '', 'B'),
('2BU20CS088', '18CS53', 0, 0, 0, 0, 0, 0, 0, 0, '', 'B'),
('2BU20CS089', '18CS53', 0, 0, 0, 0, 0, 0, 0, 0, '', 'B'),
('2BU20CS090', '18CS53', 0, 0, 0, 0, 0, 0, 0, 0, '', 'B'),
('2BU20CS091', '18CS53', 0, 0, 0, 0, 0, 0, 0, 0, '', 'B'),
('2BU20CS092', '18CS53', 0, 0, 0, 0, 0, 0, 0, 0, '', 'B'),
('2BU20CS093', '18CS53', 0, 0, 0, 0, 0, 0, 0, 0, '', 'B'),
('2BU20CS094', '18CS53', 0, 0, 0, 0, 0, 0, 0, 0, '', 'B'),
('2BU20CS095', '18CS53', 0, 0, 0, 0, 0, 0, 0, 0, '', 'B'),
('2BU20CS096', '18CS53', 0, 0, 0, 0, 0, 0, 0, 0, '', 'B'),
('2BU20CS097', '18CS53', 0, 0, 0, 0, 0, 0, 0, 0, '', 'B'),
('2BU20CS098', '18CS53', 0, 0, 0, 0, 0, 0, 0, 0, '', 'B'),
('2BU20CS099', '18CS53', 0, 0, 0, 0, 0, 0, 0, 0, '', 'B'),
('2BU20CS100', '18CS53', 0, 0, 0, 0, 0, 0, 0, 0, '', 'B'),
('2BU20CS101', '18CS53', 0, 0, 0, 0, 0, 0, 0, 0, '', 'B'),
('2BU20CS102', '18CS53', 0, 0, 0, 0, 0, 0, 0, 0, '', 'B'),
('2BU20CS103', '18CS53', 0, 0, 0, 0, 0, 0, 0, 0, '', 'B'),
('2BU20CS104', '18CS53', 0, 0, 0, 0, 0, 0, 0, 0, '', 'B'),
('2BU20CS105', '18CS53', 0, 0, 0, 0, 0, 0, 0, 0, '', 'B'),
('2BU20CS106', '18CS53', 0, 0, 0, 0, 0, 0, 0, 0, '', 'B'),
('2BU20CS107', '18CS53', 0, 0, 0, 0, 0, 0, 0, 0, '', 'B'),
('2BU21CS403', '18CS53', 0, 0, 0, 0, 0, 0, 0, 0, '', 'B'),
('2BU21CS408', '18CS53', 0, 0, 0, 0, 0, 0, 0, 0, '', 'B'),
('2BU21CS414', '18CS53', 0, 0, 0, 0, 0, 0, 0, 0, '', 'B'),
('2BU21CS415', '18CS53', 0, 0, 0, 0, 0, 0, 0, 0, '', 'B'),
('2BU21CS416', '18CS53', 0, 0, 0, 0, 0, 0, 0, 0, '', 'B'),
('2BU21CS417', '18CS53', 0, 0, 0, 0, 0, 0, 0, 0, '', 'B'),
('2BU21CS418', '18CS53', 0, 0, 0, 0, 0, 0, 0, 0, '', 'B'),
('2BU21CS419', '18CS53', 0, 0, 0, 0, 0, 0, 0, 0, '', 'B'),
('2BU21CS420', '18CS53', 0, 0, 0, 0, 0, 0, 0, 0, '', 'B'),
('2BU21CS421', '18CS53', 0, 0, 0, 0, 0, 0, 0, 0, '', 'B'),
('2BU21CS423', '18CS53', 0, 0, 0, 0, 0, 0, 0, 0, '', 'B'),
('2BU21CS424', '18CS53', 0, 0, 0, 0, 0, 0, 0, 0, '', 'B'),
('2BU21CS425', '18CS53', 0, 0, 0, 0, 0, 0, 0, 0, '', 'B'),
('2BU21CS426', '18CS53', 0, 0, 0, 0, 0, 0, 0, 0, '', 'B'),
('2BU21CS427', '18CS53', 0, 0, 0, 0, 0, 0, 0, 0, '', 'B'),
('2BU21CS428', '18CS53', 0, 0, 0, 0, 0, 0, 0, 0, '', 'B'),
('2BU21CS429', '18CS53', 0, 0, 0, 0, 0, 0, 0, 0, '', 'B'),
('2BU20CS001', '18CS54', 0, 0, 0, 0, 0, 0, 0, 0, '', 'A'),
('2BU20CS002', '18CS54', 0, 0, 0, 0, 0, 0, 0, 0, '', 'A'),
('2BU20CS003', '18CS54', 0, 0, 0, 0, 0, 0, 0, 0, '', 'A'),
('2BU20CS004', '18CS54', 0, 0, 0, 0, 0, 0, 0, 0, '', 'A'),
('2BU20CS005', '18CS54', 0, 0, 0, 0, 0, 0, 0, 0, '', 'A'),
('2BU20CS006', '18CS54', 0, 0, 0, 0, 0, 0, 0, 0, '', 'A'),
('2BU20CS007', '18CS54', 0, 0, 0, 0, 0, 0, 0, 0, '', 'A'),
('2BU20CS008', '18CS54', 0, 0, 0, 0, 0, 0, 0, 0, '', 'A'),
('2BU20CS009', '18CS54', 0, 0, 0, 0, 0, 0, 0, 0, '', 'A'),
('2BU20CS010', '18CS54', 0, 0, 0, 0, 0, 0, 0, 0, '', 'A'),
('2BU20CS012', '18CS54', 0, 0, 0, 0, 0, 0, 0, 0, '', 'A'),
('2BU20CS013', '18CS54', 0, 0, 0, 0, 0, 0, 0, 0, '', 'A'),
('2BU20CS014', '18CS54', 0, 0, 0, 0, 0, 0, 0, 0, '', 'A'),
('2BU20CS015', '18CS54', 0, 0, 0, 0, 0, 0, 0, 0, '', 'A'),
('2BU20CS016', '18CS54', 0, 0, 0, 0, 0, 0, 0, 0, '', 'A'),
('2BU20CS017', '18CS54', 0, 0, 0, 0, 0, 0, 0, 0, '', 'A'),
('2BU20CS018', '18CS54', 0, 0, 0, 0, 0, 0, 0, 0, '', 'A'),
('2BU20CS019', '18CS54', 0, 0, 0, 0, 0, 0, 0, 0, '', 'A'),
('2BU20CS020', '18CS54', 0, 0, 0, 0, 0, 0, 0, 0, '', 'A'),
('2BU20CS021', '18CS54', 0, 0, 0, 0, 0, 0, 0, 0, '', 'A'),
('2BU20CS022', '18CS54', 0, 0, 0, 0, 0, 0, 0, 0, '', 'A'),
('2BU20CS023', '18CS54', 0, 0, 0, 0, 0, 0, 0, 0, '', 'A'),
('2BU20CS024', '18CS54', 0, 0, 0, 0, 0, 0, 0, 0, '', 'A'),
('2BU20CS025', '18CS54', 0, 0, 0, 0, 0, 0, 0, 0, '', 'A'),
('2BU20CS026', '18CS54', 0, 0, 0, 0, 0, 0, 0, 0, '', 'A'),
('2BU20CS027', '18CS54', 0, 0, 0, 0, 0, 0, 0, 0, '', 'A'),
('2BU20CS028', '18CS54', 0, 0, 0, 0, 0, 0, 0, 0, '', 'A'),
('2BU20CS029', '18CS54', 0, 0, 0, 0, 0, 0, 0, 0, '', 'A'),
('2BU20CS030', '18CS54', 0, 0, 0, 0, 0, 0, 0, 0, '', 'A'),
('2BU20CS031', '18CS54', 0, 0, 0, 0, 0, 0, 0, 0, '', 'A'),
('2BU20CS032', '18CS54', 0, 0, 0, 0, 0, 0, 0, 0, '', 'A'),
('2BU20CS033', '18CS54', 0, 0, 0, 0, 0, 0, 0, 0, '', 'A'),
('2BU20CS034', '18CS54', 0, 0, 0, 0, 0, 0, 0, 0, '', 'A'),
('2BU20CS035', '18CS54', 0, 0, 0, 0, 0, 0, 0, 0, '', 'A'),
('2BU20CS036', '18CS54', 0, 0, 0, 0, 0, 0, 0, 0, '', 'A'),
('2BU20CS037', '18CS54', 0, 0, 0, 0, 0, 0, 0, 0, '', 'A'),
('2BU20CS038', '18CS54', 0, 0, 0, 0, 0, 0, 0, 0, '', 'A'),
('2BU20CS039', '18CS54', 0, 0, 0, 0, 0, 0, 0, 0, '', 'A'),
('2BU20CS040', '18CS54', 0, 0, 0, 0, 0, 0, 0, 0, '', 'A'),
('2BU20CS041', '18CS54', 0, 0, 0, 0, 0, 0, 0, 0, '', 'A'),
('2BU20CS042', '18CS54', 0, 0, 0, 0, 0, 0, 0, 0, '', 'A'),
('2BU20CS043', '18CS54', 0, 0, 0, 0, 0, 0, 0, 0, '', 'A'),
('2BU20CS044', '18CS54', 0, 0, 0, 0, 0, 0, 0, 0, '', 'A'),
('2BU20CS045', '18CS54', 0, 0, 0, 0, 0, 0, 0, 0, '', 'A'),
('2BU20CS046', '18CS54', 0, 0, 0, 0, 0, 0, 0, 0, '', 'A'),
('2BU20CS047', '18CS54', 0, 0, 0, 0, 0, 0, 0, 0, '', 'A'),
('2BU20CS048', '18CS54', 0, 0, 0, 0, 0, 0, 0, 0, '', 'A'),
('2BU20CS049', '18CS54', 0, 0, 0, 0, 0, 0, 0, 0, '', 'A'),
('2BU20CS050', '18CS54', 0, 0, 0, 0, 0, 0, 0, 0, '', 'A'),
('2BU20CS051', '18CS54', 0, 0, 0, 0, 0, 0, 0, 0, '', 'A'),
('2BU20CS052', '18CS54', 0, 0, 0, 0, 0, 0, 0, 0, '', 'A'),
('2BU20CS053', '18CS54', 0, 0, 0, 0, 0, 0, 0, 0, '', 'A'),
('2BU20CS054', '18CS54', 0, 0, 0, 0, 0, 0, 0, 0, '', 'A'),
('2BU20CS055', '18CS54', 0, 0, 0, 0, 0, 0, 0, 0, '', 'A'),
('2BU20CS056', '18CS54', 0, 0, 0, 0, 0, 0, 0, 0, '', 'A'),
('2BU20CS057', '18CS54', 0, 0, 0, 0, 0, 0, 0, 0, '', 'A'),
('2BU20CS058', '18CS54', 0, 0, 0, 0, 0, 0, 0, 0, '', 'A'),
('2BU21CS400', '18CS54', 0, 0, 0, 0, 0, 0, 0, 0, '', 'A'),
('2BU21CS401', '18CS54', 0, 0, 0, 0, 0, 0, 0, 0, '', 'A'),
('2BU21CS402', '18CS54', 0, 0, 0, 0, 0, 0, 0, 0, '', 'A'),
('2BU21CS404', '18CS54', 0, 0, 0, 0, 0, 0, 0, 0, '', 'A'),
('2BU21CS405', '18CS54', 0, 0, 0, 0, 0, 0, 0, 0, '', 'A'),
('2BU21CS406', '18CS54', 0, 0, 0, 0, 0, 0, 0, 0, '', 'A'),
('2BU21CS407', '18CS54', 0, 0, 0, 0, 0, 0, 0, 0, '', 'A'),
('2BU21CS409', '18CS54', 0, 0, 0, 0, 0, 0, 0, 0, '', 'A'),
('2BU21CS410', '18CS54', 0, 0, 0, 0, 0, 0, 0, 0, '', 'A'),
('2BU21CS411', '18CS54', 0, 0, 0, 0, 0, 0, 0, 0, '', 'A'),
('2BU21CS412', '18CS54', 0, 0, 0, 0, 0, 0, 0, 0, '', 'A'),
('2BU21CS413', '18CS54', 0, 0, 0, 0, 0, 0, 0, 0, '', 'A'),
('2BU21CS422', '18CS54', 0, 0, 0, 0, 0, 0, 0, 0, '', 'A'),
('2BU20CS059', '18CS54', 0, 0, 0, 0, 0, 0, 0, 0, '', 'B'),
('2BU20CS060', '18CS54', 0, 0, 0, 0, 0, 0, 0, 0, '', 'B'),
('2BU20CS061', '18CS54', 0, 0, 0, 0, 0, 0, 0, 0, '', 'B'),
('2BU20CS062', '18CS54', 0, 0, 0, 0, 0, 0, 0, 0, '', 'B'),
('2BU20CS063', '18CS54', 0, 0, 0, 0, 0, 0, 0, 0, '', 'B'),
('2BU20CS064', '18CS54', 0, 0, 0, 0, 0, 0, 0, 0, '', 'B'),
('2BU20CS065', '18CS54', 0, 0, 0, 0, 0, 0, 0, 0, '', 'B'),
('2BU20CS066', '18CS54', 0, 0, 0, 0, 0, 0, 0, 0, '', 'B'),
('2BU20CS067', '18CS54', 0, 0, 0, 0, 0, 0, 0, 0, '', 'B'),
('2BU20CS068', '18CS54', 0, 0, 0, 0, 0, 0, 0, 0, '', 'B'),
('2BU20CS069', '18CS54', 0, 0, 0, 0, 0, 0, 0, 0, '', 'B'),
('2BU20CS070', '18CS54', 0, 0, 0, 0, 0, 0, 0, 0, '', 'B'),
('2BU20CS071', '18CS54', 0, 0, 0, 0, 0, 0, 0, 0, '', 'B'),
('2BU20CS072', '18CS54', 0, 0, 0, 0, 0, 0, 0, 0, '', 'B'),
('2BU20CS073', '18CS54', 0, 0, 0, 0, 0, 0, 0, 0, '', 'B'),
('2BU20CS074', '18CS54', 0, 0, 0, 0, 0, 0, 0, 0, '', 'B'),
('2BU20CS075', '18CS54', 0, 0, 0, 0, 0, 0, 0, 0, '', 'B'),
('2BU20CS076', '18CS54', 0, 0, 0, 0, 0, 0, 0, 0, '', 'B'),
('2BU20CS077', '18CS54', 0, 0, 0, 0, 0, 0, 0, 0, '', 'B'),
('2BU20CS078', '18CS54', 0, 0, 0, 0, 0, 0, 0, 0, '', 'B'),
('2BU20CS079', '18CS54', 0, 0, 0, 0, 0, 0, 0, 0, '', 'B'),
('2BU20CS080', '18CS54', 0, 0, 0, 0, 0, 0, 0, 0, '', 'B'),
('2BU20CS081', '18CS54', 0, 0, 0, 0, 0, 0, 0, 0, '', 'B'),
('2BU20CS082', '18CS54', 0, 0, 0, 0, 0, 0, 0, 0, '', 'B'),
('2BU20CS083', '18CS54', 0, 0, 0, 0, 0, 0, 0, 0, '', 'B'),
('2BU20CS084', '18CS54', 0, 0, 0, 0, 0, 0, 0, 0, '', 'B'),
('2BU20CS085', '18CS54', 0, 0, 0, 0, 0, 0, 0, 0, '', 'B'),
('2BU20CS086', '18CS54', 0, 0, 0, 0, 0, 0, 0, 0, '', 'B'),
('2BU20CS087', '18CS54', 0, 0, 0, 0, 0, 0, 0, 0, '', 'B'),
('2BU20CS088', '18CS54', 0, 0, 0, 0, 0, 0, 0, 0, '', 'B'),
('2BU20CS089', '18CS54', 0, 0, 0, 0, 0, 0, 0, 0, '', 'B'),
('2BU20CS090', '18CS54', 0, 0, 0, 0, 0, 0, 0, 0, '', 'B'),
('2BU20CS091', '18CS54', 0, 0, 0, 0, 0, 0, 0, 0, '', 'B'),
('2BU20CS092', '18CS54', 0, 0, 0, 0, 0, 0, 0, 0, '', 'B'),
('2BU20CS093', '18CS54', 0, 0, 0, 0, 0, 0, 0, 0, '', 'B'),
('2BU20CS094', '18CS54', 0, 0, 0, 0, 0, 0, 0, 0, '', 'B'),
('2BU20CS095', '18CS54', 0, 0, 0, 0, 0, 0, 0, 0, '', 'B'),
('2BU20CS096', '18CS54', 0, 0, 0, 0, 0, 0, 0, 0, '', 'B'),
('2BU20CS097', '18CS54', 0, 0, 0, 0, 0, 0, 0, 0, '', 'B'),
('2BU20CS098', '18CS54', 0, 0, 0, 0, 0, 0, 0, 0, '', 'B'),
('2BU20CS099', '18CS54', 0, 0, 0, 0, 0, 0, 0, 0, '', 'B'),
('2BU20CS100', '18CS54', 0, 0, 0, 0, 0, 0, 0, 0, '', 'B'),
('2BU20CS101', '18CS54', 0, 0, 0, 0, 0, 0, 0, 0, '', 'B'),
('2BU20CS102', '18CS54', 0, 0, 0, 0, 0, 0, 0, 0, '', 'B'),
('2BU20CS103', '18CS54', 0, 0, 0, 0, 0, 0, 0, 0, '', 'B'),
('2BU20CS104', '18CS54', 0, 0, 0, 0, 0, 0, 0, 0, '', 'B'),
('2BU20CS105', '18CS54', 0, 0, 0, 0, 0, 0, 0, 0, '', 'B'),
('2BU20CS106', '18CS54', 0, 0, 0, 0, 0, 0, 0, 0, '', 'B'),
('2BU20CS107', '18CS54', 0, 0, 0, 0, 0, 0, 0, 0, '', 'B'),
('2BU21CS403', '18CS54', 0, 0, 0, 0, 0, 0, 0, 0, '', 'B'),
('2BU21CS408', '18CS54', 0, 0, 0, 0, 0, 0, 0, 0, '', 'B'),
('2BU21CS414', '18CS54', 0, 0, 0, 0, 0, 0, 0, 0, '', 'B'),
('2BU21CS415', '18CS54', 0, 0, 0, 0, 0, 0, 0, 0, '', 'B'),
('2BU21CS416', '18CS54', 0, 0, 0, 0, 0, 0, 0, 0, '', 'B'),
('2BU21CS417', '18CS54', 0, 0, 0, 0, 0, 0, 0, 0, '', 'B'),
('2BU21CS418', '18CS54', 0, 0, 0, 0, 0, 0, 0, 0, '', 'B'),
('2BU21CS419', '18CS54', 0, 0, 0, 0, 0, 0, 0, 0, '', 'B'),
('2BU21CS420', '18CS54', 0, 0, 0, 0, 0, 0, 0, 0, '', 'B'),
('2BU21CS421', '18CS54', 0, 0, 0, 0, 0, 0, 0, 0, '', 'B'),
('2BU21CS423', '18CS54', 0, 0, 0, 0, 0, 0, 0, 0, '', 'B'),
('2BU21CS424', '18CS54', 0, 0, 0, 0, 0, 0, 0, 0, '', 'B'),
('2BU21CS425', '18CS54', 0, 0, 0, 0, 0, 0, 0, 0, '', 'B'),
('2BU21CS426', '18CS54', 0, 0, 0, 0, 0, 0, 0, 0, '', 'B'),
('2BU21CS427', '18CS54', 0, 0, 0, 0, 0, 0, 0, 0, '', 'B'),
('2BU21CS428', '18CS54', 0, 0, 0, 0, 0, 0, 0, 0, '', 'B'),
('2BU21CS429', '18CS54', 0, 0, 0, 0, 0, 0, 0, 0, '', 'B'),
('2BU20CS001', '18CS55', 0, 0, 0, 0, 0, 0, 0, 0, '', 'A'),
('2BU20CS002', '18CS55', 0, 0, 0, 0, 0, 0, 0, 0, '', 'A'),
('2BU20CS003', '18CS55', 0, 0, 0, 0, 0, 0, 0, 0, '', 'A'),
('2BU20CS004', '18CS55', 0, 0, 0, 0, 0, 0, 0, 0, '', 'A'),
('2BU20CS005', '18CS55', 0, 0, 0, 0, 0, 0, 0, 0, '', 'A'),
('2BU20CS006', '18CS55', 0, 0, 0, 0, 0, 0, 0, 0, '', 'A'),
('2BU20CS007', '18CS55', 0, 0, 0, 0, 0, 0, 0, 0, '', 'A'),
('2BU20CS008', '18CS55', 0, 0, 0, 0, 0, 0, 0, 0, '', 'A'),
('2BU20CS009', '18CS55', 0, 0, 0, 0, 0, 0, 0, 0, '', 'A'),
('2BU20CS010', '18CS55', 0, 0, 0, 0, 0, 0, 0, 0, '', 'A'),
('2BU20CS012', '18CS55', 0, 0, 0, 0, 0, 0, 0, 0, '', 'A'),
('2BU20CS013', '18CS55', 0, 0, 0, 0, 0, 0, 0, 0, '', 'A'),
('2BU20CS014', '18CS55', 0, 0, 0, 0, 0, 0, 0, 0, '', 'A'),
('2BU20CS015', '18CS55', 0, 0, 0, 0, 0, 0, 0, 0, '', 'A'),
('2BU20CS016', '18CS55', 0, 0, 0, 0, 0, 0, 0, 0, '', 'A'),
('2BU20CS017', '18CS55', 0, 0, 0, 0, 0, 0, 0, 0, '', 'A'),
('2BU20CS018', '18CS55', 0, 0, 0, 0, 0, 0, 0, 0, '', 'A'),
('2BU20CS019', '18CS55', 0, 0, 0, 0, 0, 0, 0, 0, '', 'A'),
('2BU20CS020', '18CS55', 0, 0, 0, 0, 0, 0, 0, 0, '', 'A'),
('2BU20CS021', '18CS55', 0, 0, 0, 0, 0, 0, 0, 0, '', 'A'),
('2BU20CS022', '18CS55', 0, 0, 0, 0, 0, 0, 0, 0, '', 'A'),
('2BU20CS023', '18CS55', 0, 0, 0, 0, 0, 0, 0, 0, '', 'A'),
('2BU20CS024', '18CS55', 0, 0, 0, 0, 0, 0, 0, 0, '', 'A'),
('2BU20CS025', '18CS55', 0, 0, 0, 0, 0, 0, 0, 0, '', 'A'),
('2BU20CS026', '18CS55', 0, 0, 0, 0, 0, 0, 0, 0, '', 'A'),
('2BU20CS027', '18CS55', 0, 0, 0, 0, 0, 0, 0, 0, '', 'A'),
('2BU20CS028', '18CS55', 0, 0, 0, 0, 0, 0, 0, 0, '', 'A'),
('2BU20CS029', '18CS55', 0, 0, 0, 0, 0, 0, 0, 0, '', 'A'),
('2BU20CS030', '18CS55', 0, 0, 0, 0, 0, 0, 0, 0, '', 'A'),
('2BU20CS031', '18CS55', 0, 0, 0, 0, 0, 0, 0, 0, '', 'A'),
('2BU20CS032', '18CS55', 0, 0, 0, 0, 0, 0, 0, 0, '', 'A'),
('2BU20CS033', '18CS55', 0, 0, 0, 0, 0, 0, 0, 0, '', 'A'),
('2BU20CS034', '18CS55', 0, 0, 0, 0, 0, 0, 0, 0, '', 'A'),
('2BU20CS035', '18CS55', 0, 0, 0, 0, 0, 0, 0, 0, '', 'A'),
('2BU20CS036', '18CS55', 0, 0, 0, 0, 0, 0, 0, 0, '', 'A'),
('2BU20CS037', '18CS55', 0, 0, 0, 0, 0, 0, 0, 0, '', 'A'),
('2BU20CS038', '18CS55', 0, 0, 0, 0, 0, 0, 0, 0, '', 'A'),
('2BU20CS039', '18CS55', 0, 0, 0, 0, 0, 0, 0, 0, '', 'A'),
('2BU20CS040', '18CS55', 0, 0, 0, 0, 0, 0, 0, 0, '', 'A'),
('2BU20CS041', '18CS55', 0, 0, 0, 0, 0, 0, 0, 0, '', 'A'),
('2BU20CS042', '18CS55', 0, 0, 0, 0, 0, 0, 0, 0, '', 'A'),
('2BU20CS043', '18CS55', 0, 0, 0, 0, 0, 0, 0, 0, '', 'A'),
('2BU20CS044', '18CS55', 0, 0, 0, 0, 0, 0, 0, 0, '', 'A'),
('2BU20CS045', '18CS55', 0, 0, 0, 0, 0, 0, 0, 0, '', 'A'),
('2BU20CS046', '18CS55', 0, 0, 0, 0, 0, 0, 0, 0, '', 'A'),
('2BU20CS047', '18CS55', 0, 0, 0, 0, 0, 0, 0, 0, '', 'A'),
('2BU20CS048', '18CS55', 0, 0, 0, 0, 0, 0, 0, 0, '', 'A'),
('2BU20CS049', '18CS55', 0, 0, 0, 0, 0, 0, 0, 0, '', 'A'),
('2BU20CS050', '18CS55', 0, 0, 0, 0, 0, 0, 0, 0, '', 'A'),
('2BU20CS051', '18CS55', 0, 0, 0, 0, 0, 0, 0, 0, '', 'A'),
('2BU20CS052', '18CS55', 0, 0, 0, 0, 0, 0, 0, 0, '', 'A'),
('2BU20CS053', '18CS55', 0, 0, 0, 0, 0, 0, 0, 0, '', 'A'),
('2BU20CS054', '18CS55', 0, 0, 0, 0, 0, 0, 0, 0, '', 'A'),
('2BU20CS055', '18CS55', 0, 0, 0, 0, 0, 0, 0, 0, '', 'A'),
('2BU20CS056', '18CS55', 0, 0, 0, 0, 0, 0, 0, 0, '', 'A'),
('2BU20CS057', '18CS55', 0, 0, 0, 0, 0, 0, 0, 0, '', 'A'),
('2BU20CS058', '18CS55', 0, 0, 0, 0, 0, 0, 0, 0, '', 'A'),
('2BU21CS400', '18CS55', 0, 0, 0, 0, 0, 0, 0, 0, '', 'A'),
('2BU21CS401', '18CS55', 0, 0, 0, 0, 0, 0, 0, 0, '', 'A'),
('2BU21CS402', '18CS55', 0, 0, 0, 0, 0, 0, 0, 0, '', 'A'),
('2BU21CS404', '18CS55', 0, 0, 0, 0, 0, 0, 0, 0, '', 'A'),
('2BU21CS405', '18CS55', 0, 0, 0, 0, 0, 0, 0, 0, '', 'A'),
('2BU21CS406', '18CS55', 0, 0, 0, 0, 0, 0, 0, 0, '', 'A'),
('2BU21CS407', '18CS55', 0, 0, 0, 0, 0, 0, 0, 0, '', 'A'),
('2BU21CS409', '18CS55', 0, 0, 0, 0, 0, 0, 0, 0, '', 'A'),
('2BU21CS410', '18CS55', 0, 0, 0, 0, 0, 0, 0, 0, '', 'A'),
('2BU21CS411', '18CS55', 0, 0, 0, 0, 0, 0, 0, 0, '', 'A'),
('2BU21CS412', '18CS55', 0, 0, 0, 0, 0, 0, 0, 0, '', 'A'),
('2BU21CS413', '18CS55', 0, 0, 0, 0, 0, 0, 0, 0, '', 'A'),
('2BU21CS422', '18CS55', 0, 0, 0, 0, 0, 0, 0, 0, '', 'A'),
('2BU20CS059', '18CS55', 0, 0, 0, 0, 0, 0, 0, 0, '', 'B'),
('2BU20CS060', '18CS55', 0, 0, 0, 0, 0, 0, 0, 0, '', 'B'),
('2BU20CS061', '18CS55', 0, 0, 0, 0, 0, 0, 0, 0, '', 'B'),
('2BU20CS062', '18CS55', 0, 0, 0, 0, 0, 0, 0, 0, '', 'B'),
('2BU20CS063', '18CS55', 0, 0, 0, 0, 0, 0, 0, 0, '', 'B'),
('2BU20CS064', '18CS55', 0, 0, 0, 0, 0, 0, 0, 0, '', 'B'),
('2BU20CS065', '18CS55', 0, 0, 0, 0, 0, 0, 0, 0, '', 'B'),
('2BU20CS066', '18CS55', 0, 0, 0, 0, 0, 0, 0, 0, '', 'B'),
('2BU20CS067', '18CS55', 0, 0, 0, 0, 0, 0, 0, 0, '', 'B'),
('2BU20CS068', '18CS55', 0, 0, 0, 0, 0, 0, 0, 0, '', 'B'),
('2BU20CS069', '18CS55', 0, 0, 0, 0, 0, 0, 0, 0, '', 'B'),
('2BU20CS070', '18CS55', 0, 0, 0, 0, 0, 0, 0, 0, '', 'B'),
('2BU20CS071', '18CS55', 0, 0, 0, 0, 0, 0, 0, 0, '', 'B'),
('2BU20CS072', '18CS55', 0, 0, 0, 0, 0, 0, 0, 0, '', 'B'),
('2BU20CS073', '18CS55', 0, 0, 0, 0, 0, 0, 0, 0, '', 'B'),
('2BU20CS074', '18CS55', 0, 0, 0, 0, 0, 0, 0, 0, '', 'B'),
('2BU20CS075', '18CS55', 0, 0, 0, 0, 0, 0, 0, 0, '', 'B'),
('2BU20CS076', '18CS55', 0, 0, 0, 0, 0, 0, 0, 0, '', 'B'),
('2BU20CS077', '18CS55', 0, 0, 0, 0, 0, 0, 0, 0, '', 'B'),
('2BU20CS078', '18CS55', 0, 0, 0, 0, 0, 0, 0, 0, '', 'B'),
('2BU20CS079', '18CS55', 0, 0, 0, 0, 0, 0, 0, 0, '', 'B'),
('2BU20CS080', '18CS55', 0, 0, 0, 0, 0, 0, 0, 0, '', 'B'),
('2BU20CS081', '18CS55', 0, 0, 0, 0, 0, 0, 0, 0, '', 'B'),
('2BU20CS082', '18CS55', 0, 0, 0, 0, 0, 0, 0, 0, '', 'B'),
('2BU20CS083', '18CS55', 0, 0, 0, 0, 0, 0, 0, 0, '', 'B'),
('2BU20CS084', '18CS55', 0, 0, 0, 0, 0, 0, 0, 0, '', 'B'),
('2BU20CS085', '18CS55', 0, 0, 0, 0, 0, 0, 0, 0, '', 'B'),
('2BU20CS086', '18CS55', 0, 0, 0, 0, 0, 0, 0, 0, '', 'B'),
('2BU20CS087', '18CS55', 0, 0, 0, 0, 0, 0, 0, 0, '', 'B'),
('2BU20CS088', '18CS55', 0, 0, 0, 0, 0, 0, 0, 0, '', 'B'),
('2BU20CS089', '18CS55', 0, 0, 0, 0, 0, 0, 0, 0, '', 'B'),
('2BU20CS090', '18CS55', 0, 0, 0, 0, 0, 0, 0, 0, '', 'B'),
('2BU20CS091', '18CS55', 0, 0, 0, 0, 0, 0, 0, 0, '', 'B'),
('2BU20CS092', '18CS55', 0, 0, 0, 0, 0, 0, 0, 0, '', 'B'),
('2BU20CS093', '18CS55', 0, 0, 0, 0, 0, 0, 0, 0, '', 'B'),
('2BU20CS094', '18CS55', 0, 0, 0, 0, 0, 0, 0, 0, '', 'B'),
('2BU20CS095', '18CS55', 0, 0, 0, 0, 0, 0, 0, 0, '', 'B'),
('2BU20CS096', '18CS55', 0, 0, 0, 0, 0, 0, 0, 0, '', 'B'),
('2BU20CS097', '18CS55', 0, 0, 0, 0, 0, 0, 0, 0, '', 'B'),
('2BU20CS098', '18CS55', 0, 0, 0, 0, 0, 0, 0, 0, '', 'B'),
('2BU20CS099', '18CS55', 0, 0, 0, 0, 0, 0, 0, 0, '', 'B'),
('2BU20CS100', '18CS55', 0, 0, 0, 0, 0, 0, 0, 0, '', 'B'),
('2BU20CS101', '18CS55', 0, 0, 0, 0, 0, 0, 0, 0, '', 'B'),
('2BU20CS102', '18CS55', 0, 0, 0, 0, 0, 0, 0, 0, '', 'B'),
('2BU20CS103', '18CS55', 0, 0, 0, 0, 0, 0, 0, 0, '', 'B'),
('2BU20CS104', '18CS55', 0, 0, 0, 0, 0, 0, 0, 0, '', 'B'),
('2BU20CS105', '18CS55', 0, 0, 0, 0, 0, 0, 0, 0, '', 'B'),
('2BU20CS106', '18CS55', 0, 0, 0, 0, 0, 0, 0, 0, '', 'B'),
('2BU20CS107', '18CS55', 0, 0, 0, 0, 0, 0, 0, 0, '', 'B'),
('2BU21CS403', '18CS55', 0, 0, 0, 0, 0, 0, 0, 0, '', 'B'),
('2BU21CS408', '18CS55', 0, 0, 0, 0, 0, 0, 0, 0, '', 'B'),
('2BU21CS414', '18CS55', 0, 0, 0, 0, 0, 0, 0, 0, '', 'B'),
('2BU21CS415', '18CS55', 0, 0, 0, 0, 0, 0, 0, 0, '', 'B'),
('2BU21CS416', '18CS55', 0, 0, 0, 0, 0, 0, 0, 0, '', 'B'),
('2BU21CS417', '18CS55', 0, 0, 0, 0, 0, 0, 0, 0, '', 'B'),
('2BU21CS418', '18CS55', 0, 0, 0, 0, 0, 0, 0, 0, '', 'B'),
('2BU21CS419', '18CS55', 0, 0, 0, 0, 0, 0, 0, 0, '', 'B'),
('2BU21CS420', '18CS55', 0, 0, 0, 0, 0, 0, 0, 0, '', 'B'),
('2BU21CS421', '18CS55', 0, 0, 0, 0, 0, 0, 0, 0, '', 'B'),
('2BU21CS423', '18CS55', 0, 0, 0, 0, 0, 0, 0, 0, '', 'B'),
('2BU21CS424', '18CS55', 0, 0, 0, 0, 0, 0, 0, 0, '', 'B'),
('2BU21CS425', '18CS55', 0, 0, 0, 0, 0, 0, 0, 0, '', 'B'),
('2BU21CS426', '18CS55', 0, 0, 0, 0, 0, 0, 0, 0, '', 'B'),
('2BU21CS427', '18CS55', 0, 0, 0, 0, 0, 0, 0, 0, '', 'B'),
('2BU21CS428', '18CS55', 0, 0, 0, 0, 0, 0, 0, 0, '', 'B'),
('2BU21CS429', '18CS55', 0, 0, 0, 0, 0, 0, 0, 0, '', 'B'),
('2BU20CS001', '18CS56', 0, 0, 0, 0, 0, 0, 0, 0, '', 'A'),
('2BU20CS002', '18CS56', 0, 0, 0, 0, 0, 0, 0, 0, '', 'A'),
('2BU20CS003', '18CS56', 0, 0, 0, 0, 0, 0, 0, 0, '', 'A'),
('2BU20CS004', '18CS56', 0, 0, 0, 0, 0, 0, 0, 0, '', 'A'),
('2BU20CS005', '18CS56', 0, 0, 0, 0, 0, 0, 0, 0, '', 'A'),
('2BU20CS006', '18CS56', 0, 0, 0, 0, 0, 0, 0, 0, '', 'A'),
('2BU20CS007', '18CS56', 0, 0, 0, 0, 0, 0, 0, 0, '', 'A'),
('2BU20CS008', '18CS56', 0, 0, 0, 0, 0, 0, 0, 0, '', 'A'),
('2BU20CS009', '18CS56', 0, 0, 0, 0, 0, 0, 0, 0, '', 'A'),
('2BU20CS010', '18CS56', 0, 0, 0, 0, 0, 0, 0, 0, '', 'A'),
('2BU20CS012', '18CS56', 0, 0, 0, 0, 0, 0, 0, 0, '', 'A'),
('2BU20CS013', '18CS56', 0, 0, 0, 0, 0, 0, 0, 0, '', 'A'),
('2BU20CS014', '18CS56', 0, 0, 0, 0, 0, 0, 0, 0, '', 'A'),
('2BU20CS015', '18CS56', 0, 0, 0, 0, 0, 0, 0, 0, '', 'A'),
('2BU20CS016', '18CS56', 0, 0, 0, 0, 0, 0, 0, 0, '', 'A'),
('2BU20CS017', '18CS56', 0, 0, 0, 0, 0, 0, 0, 0, '', 'A'),
('2BU20CS018', '18CS56', 0, 0, 0, 0, 0, 0, 0, 0, '', 'A'),
('2BU20CS019', '18CS56', 0, 0, 0, 0, 0, 0, 0, 0, '', 'A'),
('2BU20CS020', '18CS56', 0, 0, 0, 0, 0, 0, 0, 0, '', 'A'),
('2BU20CS021', '18CS56', 0, 0, 0, 0, 0, 0, 0, 0, '', 'A'),
('2BU20CS022', '18CS56', 0, 0, 0, 0, 0, 0, 0, 0, '', 'A'),
('2BU20CS023', '18CS56', 0, 0, 0, 0, 0, 0, 0, 0, '', 'A'),
('2BU20CS024', '18CS56', 0, 0, 0, 0, 0, 0, 0, 0, '', 'A'),
('2BU20CS025', '18CS56', 0, 0, 0, 0, 0, 0, 0, 0, '', 'A'),
('2BU20CS026', '18CS56', 0, 0, 0, 0, 0, 0, 0, 0, '', 'A'),
('2BU20CS027', '18CS56', 0, 0, 0, 0, 0, 0, 0, 0, '', 'A'),
('2BU20CS028', '18CS56', 0, 0, 0, 0, 0, 0, 0, 0, '', 'A'),
('2BU20CS029', '18CS56', 0, 0, 0, 0, 0, 0, 0, 0, '', 'A'),
('2BU20CS030', '18CS56', 0, 0, 0, 0, 0, 0, 0, 0, '', 'A'),
('2BU20CS031', '18CS56', 0, 0, 0, 0, 0, 0, 0, 0, '', 'A'),
('2BU20CS032', '18CS56', 0, 0, 0, 0, 0, 0, 0, 0, '', 'A'),
('2BU20CS033', '18CS56', 0, 0, 0, 0, 0, 0, 0, 0, '', 'A'),
('2BU20CS034', '18CS56', 0, 0, 0, 0, 0, 0, 0, 0, '', 'A'),
('2BU20CS035', '18CS56', 0, 0, 0, 0, 0, 0, 0, 0, '', 'A'),
('2BU20CS036', '18CS56', 0, 0, 0, 0, 0, 0, 0, 0, '', 'A'),
('2BU20CS037', '18CS56', 0, 0, 0, 0, 0, 0, 0, 0, '', 'A'),
('2BU20CS038', '18CS56', 0, 0, 0, 0, 0, 0, 0, 0, '', 'A'),
('2BU20CS039', '18CS56', 0, 0, 0, 0, 0, 0, 0, 0, '', 'A'),
('2BU20CS040', '18CS56', 0, 0, 0, 0, 0, 0, 0, 0, '', 'A'),
('2BU20CS041', '18CS56', 0, 0, 0, 0, 0, 0, 0, 0, '', 'A'),
('2BU20CS042', '18CS56', 0, 0, 0, 0, 0, 0, 0, 0, '', 'A'),
('2BU20CS043', '18CS56', 0, 0, 0, 0, 0, 0, 0, 0, '', 'A'),
('2BU20CS044', '18CS56', 0, 0, 0, 0, 0, 0, 0, 0, '', 'A'),
('2BU20CS045', '18CS56', 0, 0, 0, 0, 0, 0, 0, 0, '', 'A'),
('2BU20CS046', '18CS56', 0, 0, 0, 0, 0, 0, 0, 0, '', 'A'),
('2BU20CS047', '18CS56', 0, 0, 0, 0, 0, 0, 0, 0, '', 'A'),
('2BU20CS048', '18CS56', 0, 0, 0, 0, 0, 0, 0, 0, '', 'A'),
('2BU20CS049', '18CS56', 0, 0, 0, 0, 0, 0, 0, 0, '', 'A'),
('2BU20CS050', '18CS56', 0, 0, 0, 0, 0, 0, 0, 0, '', 'A'),
('2BU20CS051', '18CS56', 0, 0, 0, 0, 0, 0, 0, 0, '', 'A'),
('2BU20CS052', '18CS56', 0, 0, 0, 0, 0, 0, 0, 0, '', 'A'),
('2BU20CS053', '18CS56', 0, 0, 0, 0, 0, 0, 0, 0, '', 'A'),
('2BU20CS054', '18CS56', 0, 0, 0, 0, 0, 0, 0, 0, '', 'A'),
('2BU20CS055', '18CS56', 0, 0, 0, 0, 0, 0, 0, 0, '', 'A'),
('2BU20CS056', '18CS56', 0, 0, 0, 0, 0, 0, 0, 0, '', 'A'),
('2BU20CS057', '18CS56', 0, 0, 0, 0, 0, 0, 0, 0, '', 'A'),
('2BU20CS058', '18CS56', 0, 0, 0, 0, 0, 0, 0, 0, '', 'A'),
('2BU21CS400', '18CS56', 0, 0, 0, 0, 0, 0, 0, 0, '', 'A'),
('2BU21CS401', '18CS56', 0, 0, 0, 0, 0, 0, 0, 0, '', 'A'),
('2BU21CS402', '18CS56', 0, 0, 0, 0, 0, 0, 0, 0, '', 'A'),
('2BU21CS404', '18CS56', 0, 0, 0, 0, 0, 0, 0, 0, '', 'A'),
('2BU21CS405', '18CS56', 0, 0, 0, 0, 0, 0, 0, 0, '', 'A'),
('2BU21CS406', '18CS56', 0, 0, 0, 0, 0, 0, 0, 0, '', 'A'),
('2BU21CS407', '18CS56', 0, 0, 0, 0, 0, 0, 0, 0, '', 'A'),
('2BU21CS409', '18CS56', 0, 0, 0, 0, 0, 0, 0, 0, '', 'A'),
('2BU21CS410', '18CS56', 0, 0, 0, 0, 0, 0, 0, 0, '', 'A'),
('2BU21CS411', '18CS56', 0, 0, 0, 0, 0, 0, 0, 0, '', 'A'),
('2BU21CS412', '18CS56', 0, 0, 0, 0, 0, 0, 0, 0, '', 'A'),
('2BU21CS413', '18CS56', 0, 0, 0, 0, 0, 0, 0, 0, '', 'A'),
('2BU21CS422', '18CS56', 0, 0, 0, 0, 0, 0, 0, 0, '', 'A'),
('2BU20CS059', '18CS56', 0, 0, 0, 0, 0, 0, 0, 0, '', 'B'),
('2BU20CS060', '18CS56', 0, 0, 0, 0, 0, 0, 0, 0, '', 'B'),
('2BU20CS061', '18CS56', 0, 0, 0, 0, 0, 0, 0, 0, '', 'B'),
('2BU20CS062', '18CS56', 0, 0, 0, 0, 0, 0, 0, 0, '', 'B'),
('2BU20CS063', '18CS56', 0, 0, 0, 0, 0, 0, 0, 0, '', 'B'),
('2BU20CS064', '18CS56', 0, 0, 0, 0, 0, 0, 0, 0, '', 'B'),
('2BU20CS065', '18CS56', 0, 0, 0, 0, 0, 0, 0, 0, '', 'B'),
('2BU20CS066', '18CS56', 0, 0, 0, 0, 0, 0, 0, 0, '', 'B'),
('2BU20CS067', '18CS56', 0, 0, 0, 0, 0, 0, 0, 0, '', 'B'),
('2BU20CS068', '18CS56', 0, 0, 0, 0, 0, 0, 0, 0, '', 'B'),
('2BU20CS069', '18CS56', 0, 0, 0, 0, 0, 0, 0, 0, '', 'B'),
('2BU20CS070', '18CS56', 0, 0, 0, 0, 0, 0, 0, 0, '', 'B'),
('2BU20CS071', '18CS56', 0, 0, 0, 0, 0, 0, 0, 0, '', 'B'),
('2BU20CS072', '18CS56', 0, 0, 0, 0, 0, 0, 0, 0, '', 'B'),
('2BU20CS073', '18CS56', 0, 0, 0, 0, 0, 0, 0, 0, '', 'B'),
('2BU20CS074', '18CS56', 0, 0, 0, 0, 0, 0, 0, 0, '', 'B'),
('2BU20CS075', '18CS56', 0, 0, 0, 0, 0, 0, 0, 0, '', 'B'),
('2BU20CS076', '18CS56', 0, 0, 0, 0, 0, 0, 0, 0, '', 'B'),
('2BU20CS077', '18CS56', 0, 0, 0, 0, 0, 0, 0, 0, '', 'B'),
('2BU20CS078', '18CS56', 0, 0, 0, 0, 0, 0, 0, 0, '', 'B'),
('2BU20CS079', '18CS56', 0, 0, 0, 0, 0, 0, 0, 0, '', 'B'),
('2BU20CS080', '18CS56', 0, 0, 0, 0, 0, 0, 0, 0, '', 'B'),
('2BU20CS081', '18CS56', 0, 0, 0, 0, 0, 0, 0, 0, '', 'B'),
('2BU20CS082', '18CS56', 0, 0, 0, 0, 0, 0, 0, 0, '', 'B'),
('2BU20CS083', '18CS56', 0, 0, 0, 0, 0, 0, 0, 0, '', 'B'),
('2BU20CS084', '18CS56', 0, 0, 0, 0, 0, 0, 0, 0, '', 'B'),
('2BU20CS085', '18CS56', 0, 0, 0, 0, 0, 0, 0, 0, '', 'B'),
('2BU20CS086', '18CS56', 0, 0, 0, 0, 0, 0, 0, 0, '', 'B'),
('2BU20CS087', '18CS56', 0, 0, 0, 0, 0, 0, 0, 0, '', 'B'),
('2BU20CS088', '18CS56', 0, 0, 0, 0, 0, 0, 0, 0, '', 'B'),
('2BU20CS089', '18CS56', 0, 0, 0, 0, 0, 0, 0, 0, '', 'B'),
('2BU20CS090', '18CS56', 0, 0, 0, 0, 0, 0, 0, 0, '', 'B'),
('2BU20CS091', '18CS56', 0, 0, 0, 0, 0, 0, 0, 0, '', 'B'),
('2BU20CS092', '18CS56', 0, 0, 0, 0, 0, 0, 0, 0, '', 'B'),
('2BU20CS093', '18CS56', 0, 0, 0, 0, 0, 0, 0, 0, '', 'B'),
('2BU20CS094', '18CS56', 0, 0, 0, 0, 0, 0, 0, 0, '', 'B'),
('2BU20CS095', '18CS56', 0, 0, 0, 0, 0, 0, 0, 0, '', 'B'),
('2BU20CS096', '18CS56', 0, 0, 0, 0, 0, 0, 0, 0, '', 'B'),
('2BU20CS097', '18CS56', 0, 0, 0, 0, 0, 0, 0, 0, '', 'B'),
('2BU20CS098', '18CS56', 0, 0, 0, 0, 0, 0, 0, 0, '', 'B'),
('2BU20CS099', '18CS56', 0, 0, 0, 0, 0, 0, 0, 0, '', 'B'),
('2BU20CS100', '18CS56', 0, 0, 0, 0, 0, 0, 0, 0, '', 'B'),
('2BU20CS101', '18CS56', 0, 0, 0, 0, 0, 0, 0, 0, '', 'B'),
('2BU20CS102', '18CS56', 0, 0, 0, 0, 0, 0, 0, 0, '', 'B'),
('2BU20CS103', '18CS56', 0, 0, 0, 0, 0, 0, 0, 0, '', 'B'),
('2BU20CS104', '18CS56', 0, 0, 0, 0, 0, 0, 0, 0, '', 'B'),
('2BU20CS105', '18CS56', 0, 0, 0, 0, 0, 0, 0, 0, '', 'B'),
('2BU20CS106', '18CS56', 0, 0, 0, 0, 0, 0, 0, 0, '', 'B'),
('2BU20CS107', '18CS56', 0, 0, 0, 0, 0, 0, 0, 0, '', 'B'),
('2BU21CS403', '18CS56', 0, 0, 0, 0, 0, 0, 0, 0, '', 'B'),
('2BU21CS408', '18CS56', 0, 0, 0, 0, 0, 0, 0, 0, '', 'B'),
('2BU21CS414', '18CS56', 0, 0, 0, 0, 0, 0, 0, 0, '', 'B'),
('2BU21CS415', '18CS56', 0, 0, 0, 0, 0, 0, 0, 0, '', 'B'),
('2BU21CS416', '18CS56', 0, 0, 0, 0, 0, 0, 0, 0, '', 'B'),
('2BU21CS417', '18CS56', 0, 0, 0, 0, 0, 0, 0, 0, '', 'B'),
('2BU21CS418', '18CS56', 0, 0, 0, 0, 0, 0, 0, 0, '', 'B'),
('2BU21CS419', '18CS56', 0, 0, 0, 0, 0, 0, 0, 0, '', 'B'),
('2BU21CS420', '18CS56', 0, 0, 0, 0, 0, 0, 0, 0, '', 'B'),
('2BU21CS421', '18CS56', 0, 0, 0, 0, 0, 0, 0, 0, '', 'B'),
('2BU21CS423', '18CS56', 0, 0, 0, 0, 0, 0, 0, 0, '', 'B'),
('2BU21CS424', '18CS56', 0, 0, 0, 0, 0, 0, 0, 0, '', 'B'),
('2BU21CS425', '18CS56', 0, 0, 0, 0, 0, 0, 0, 0, '', 'B'),
('2BU21CS426', '18CS56', 0, 0, 0, 0, 0, 0, 0, 0, '', 'B'),
('2BU21CS427', '18CS56', 0, 0, 0, 0, 0, 0, 0, 0, '', 'B'),
('2BU21CS428', '18CS56', 0, 0, 0, 0, 0, 0, 0, 0, '', 'B'),
('2BU21CS429', '18CS56', 0, 0, 0, 0, 0, 0, 0, 0, '', 'B'),
('2BU20CS001', '18CSL57', 0, 0, 0, 0, 0, 0, 0, 0, '', ''),
('2BU20CS002', '18CSL57', 0, 0, 0, 0, 0, 0, 0, 0, '', ''),
('2BU20CS003', '18CSL57', 0, 0, 0, 0, 0, 0, 0, 0, '', ''),
('2BU20CS004', '18CSL57', 0, 0, 0, 0, 0, 0, 0, 0, '', ''),
('2BU20CS005', '18CSL57', 0, 0, 0, 0, 0, 0, 0, 0, '', ''),
('2BU20CS006', '18CSL57', 0, 0, 0, 0, 0, 0, 0, 0, '', ''),
('2BU20CS007', '18CSL57', 0, 0, 0, 0, 0, 0, 0, 0, '', ''),
('2BU20CS008', '18CSL57', 0, 0, 0, 0, 0, 0, 0, 0, '', ''),
('2BU20CS009', '18CSL57', 0, 0, 0, 0, 0, 0, 0, 0, '', ''),
('2BU20CS010', '18CSL57', 0, 0, 0, 0, 0, 0, 0, 0, '', ''),
('2BU20CS012', '18CSL57', 0, 0, 0, 0, 0, 0, 0, 0, '', ''),
('2BU20CS013', '18CSL57', 0, 0, 0, 0, 0, 0, 0, 0, '', ''),
('2BU20CS014', '18CSL57', 0, 0, 0, 0, 0, 0, 0, 0, '', ''),
('2BU20CS015', '18CSL57', 0, 0, 0, 0, 0, 0, 0, 0, '', ''),
('2BU20CS016', '18CSL57', 0, 0, 0, 0, 0, 0, 0, 0, '', ''),
('2BU20CS017', '18CSL57', 0, 0, 0, 0, 0, 0, 0, 0, '', ''),
('2BU20CS018', '18CSL57', 0, 0, 0, 0, 0, 0, 0, 0, '', ''),
('2BU20CS019', '18CSL57', 0, 0, 0, 0, 0, 0, 0, 0, '', ''),
('2BU20CS020', '18CSL57', 0, 0, 0, 0, 0, 0, 0, 0, '', ''),
('2BU20CS021', '18CSL57', 0, 0, 0, 0, 0, 0, 0, 0, '', ''),
('2BU20CS022', '18CSL57', 0, 0, 0, 0, 0, 0, 0, 0, '', ''),
('2BU20CS023', '18CSL57', 0, 0, 0, 0, 0, 0, 0, 0, '', ''),
('2BU20CS024', '18CSL57', 0, 0, 0, 0, 0, 0, 0, 0, '', ''),
('2BU20CS025', '18CSL57', 0, 0, 0, 0, 0, 0, 0, 0, '', ''),
('2BU20CS026', '18CSL57', 0, 0, 0, 0, 0, 0, 0, 0, '', ''),
('2BU20CS027', '18CSL57', 0, 0, 0, 0, 0, 0, 0, 0, '', ''),
('2BU20CS028', '18CSL57', 0, 0, 0, 0, 0, 0, 0, 0, '', ''),
('2BU20CS029', '18CSL57', 0, 0, 0, 0, 0, 0, 0, 0, '', ''),
('2BU20CS030', '18CSL57', 0, 0, 0, 0, 0, 0, 0, 0, '', ''),
('2BU20CS031', '18CSL57', 0, 0, 0, 0, 0, 0, 0, 0, '', ''),
('2BU20CS032', '18CSL57', 0, 0, 0, 0, 0, 0, 0, 0, '', ''),
('2BU20CS033', '18CSL57', 0, 0, 0, 0, 0, 0, 0, 0, '', ''),
('2BU20CS034', '18CSL57', 0, 0, 0, 0, 0, 0, 0, 0, '', ''),
('2BU20CS035', '18CSL57', 0, 0, 0, 0, 0, 0, 0, 0, '', ''),
('2BU20CS036', '18CSL57', 0, 0, 0, 0, 0, 0, 0, 0, '', ''),
('2BU20CS037', '18CSL57', 0, 0, 0, 0, 0, 0, 0, 0, '', ''),
('2BU20CS038', '18CSL57', 0, 0, 0, 0, 0, 0, 0, 0, '', ''),
('2BU20CS039', '18CSL57', 0, 0, 0, 0, 0, 0, 0, 0, '', ''),
('2BU20CS040', '18CSL57', 0, 0, 0, 0, 0, 0, 0, 0, '', ''),
('2BU20CS041', '18CSL57', 0, 0, 0, 0, 0, 0, 0, 0, '', ''),
('2BU20CS042', '18CSL57', 0, 0, 0, 0, 0, 0, 0, 0, '', ''),
('2BU20CS043', '18CSL57', 0, 0, 0, 0, 0, 0, 0, 0, '', ''),
('2BU20CS044', '18CSL57', 0, 0, 0, 0, 0, 0, 0, 0, '', ''),
('2BU20CS045', '18CSL57', 0, 0, 0, 0, 0, 0, 0, 0, '', ''),
('2BU20CS046', '18CSL57', 0, 0, 0, 0, 0, 0, 0, 0, '', ''),
('2BU20CS047', '18CSL57', 0, 0, 0, 0, 0, 0, 0, 0, '', ''),
('2BU20CS048', '18CSL57', 0, 0, 0, 0, 0, 0, 0, 0, '', ''),
('2BU20CS049', '18CSL57', 0, 0, 0, 0, 0, 0, 0, 0, '', ''),
('2BU20CS050', '18CSL57', 0, 0, 0, 0, 0, 0, 0, 0, '', ''),
('2BU20CS051', '18CSL57', 0, 0, 0, 0, 0, 0, 0, 0, '', ''),
('2BU20CS052', '18CSL57', 0, 0, 0, 0, 0, 0, 0, 0, '', ''),
('2BU20CS053', '18CSL57', 0, 0, 0, 0, 0, 0, 0, 0, '', ''),
('2BU20CS054', '18CSL57', 0, 0, 0, 0, 0, 0, 0, 0, '', ''),
('2BU20CS055', '18CSL57', 0, 0, 0, 0, 0, 0, 0, 0, '', ''),
('2BU20CS056', '18CSL57', 0, 0, 0, 0, 0, 0, 0, 0, '', ''),
('2BU20CS057', '18CSL57', 0, 0, 0, 0, 0, 0, 0, 0, '', ''),
('2BU20CS058', '18CSL57', 0, 0, 0, 0, 0, 0, 0, 0, '', ''),
('2BU21CS400', '18CSL57', 0, 0, 0, 0, 0, 0, 0, 0, '', '');
INSERT INTO `iascore` (`usn`, `scode`, `m1`, `m2`, `m3`, `avg1`, `ass1`, `ass2`, `gtotal`, `percAttendance`, `fname`, `division`) VALUES
('2BU21CS401', '18CSL57', 0, 0, 0, 0, 0, 0, 0, 0, '', ''),
('2BU21CS402', '18CSL57', 0, 0, 0, 0, 0, 0, 0, 0, '', ''),
('2BU21CS404', '18CSL57', 0, 0, 0, 0, 0, 0, 0, 0, '', ''),
('2BU21CS405', '18CSL57', 0, 0, 0, 0, 0, 0, 0, 0, '', ''),
('2BU21CS406', '18CSL57', 0, 0, 0, 0, 0, 0, 0, 0, '', ''),
('2BU21CS407', '18CSL57', 0, 0, 0, 0, 0, 0, 0, 0, '', ''),
('2BU21CS409', '18CSL57', 0, 0, 0, 0, 0, 0, 0, 0, '', ''),
('2BU21CS410', '18CSL57', 0, 0, 0, 0, 0, 0, 0, 0, '', ''),
('2BU21CS411', '18CSL57', 0, 0, 0, 0, 0, 0, 0, 0, '', ''),
('2BU21CS412', '18CSL57', 0, 0, 0, 0, 0, 0, 0, 0, '', ''),
('2BU21CS413', '18CSL57', 0, 0, 0, 0, 0, 0, 0, 0, '', ''),
('2BU21CS422', '18CSL57', 0, 0, 0, 0, 0, 0, 0, 0, '', ''),
('2BU20CS059', '18CSL57', 0, 0, 0, 0, 0, 0, 0, 0, '', ''),
('2BU20CS060', '18CSL57', 0, 0, 0, 0, 0, 0, 0, 0, '', ''),
('2BU20CS061', '18CSL57', 0, 0, 0, 0, 0, 0, 0, 0, '', ''),
('2BU20CS062', '18CSL57', 0, 0, 0, 0, 0, 0, 0, 0, '', ''),
('2BU20CS063', '18CSL57', 0, 0, 0, 0, 0, 0, 0, 0, '', ''),
('2BU20CS064', '18CSL57', 0, 0, 0, 0, 0, 0, 0, 0, '', ''),
('2BU20CS065', '18CSL57', 0, 0, 0, 0, 0, 0, 0, 0, '', ''),
('2BU20CS066', '18CSL57', 0, 0, 0, 0, 0, 0, 0, 0, '', ''),
('2BU20CS067', '18CSL57', 0, 0, 0, 0, 0, 0, 0, 0, '', ''),
('2BU20CS068', '18CSL57', 0, 0, 0, 0, 0, 0, 0, 0, '', ''),
('2BU20CS069', '18CSL57', 0, 0, 0, 0, 0, 0, 0, 0, '', ''),
('2BU20CS070', '18CSL57', 0, 0, 0, 0, 0, 0, 0, 0, '', ''),
('2BU20CS071', '18CSL57', 0, 0, 0, 0, 0, 0, 0, 0, '', ''),
('2BU20CS072', '18CSL57', 0, 0, 0, 0, 0, 0, 0, 0, '', ''),
('2BU20CS073', '18CSL57', 0, 0, 0, 0, 0, 0, 0, 0, '', ''),
('2BU20CS074', '18CSL57', 0, 0, 0, 0, 0, 0, 0, 0, '', ''),
('2BU20CS075', '18CSL57', 0, 0, 0, 0, 0, 0, 0, 0, '', ''),
('2BU20CS076', '18CSL57', 0, 0, 0, 0, 0, 0, 0, 0, '', ''),
('2BU20CS077', '18CSL57', 0, 0, 0, 0, 0, 0, 0, 0, '', ''),
('2BU20CS078', '18CSL57', 0, 0, 0, 0, 0, 0, 0, 0, '', ''),
('2BU20CS079', '18CSL57', 0, 0, 0, 0, 0, 0, 0, 0, '', ''),
('2BU20CS080', '18CSL57', 0, 0, 0, 0, 0, 0, 0, 0, '', ''),
('2BU20CS081', '18CSL57', 0, 0, 0, 0, 0, 0, 0, 0, '', ''),
('2BU20CS082', '18CSL57', 0, 0, 0, 0, 0, 0, 0, 0, '', ''),
('2BU20CS083', '18CSL57', 0, 0, 0, 0, 0, 0, 0, 0, '', ''),
('2BU20CS084', '18CSL57', 0, 0, 0, 0, 0, 0, 0, 0, '', ''),
('2BU20CS085', '18CSL57', 0, 0, 0, 0, 0, 0, 0, 0, '', ''),
('2BU20CS086', '18CSL57', 0, 0, 0, 0, 0, 0, 0, 0, '', ''),
('2BU20CS087', '18CSL57', 0, 0, 0, 0, 0, 0, 0, 0, '', ''),
('2BU20CS088', '18CSL57', 0, 0, 0, 0, 0, 0, 0, 0, '', ''),
('2BU20CS089', '18CSL57', 0, 0, 0, 0, 0, 0, 0, 0, '', ''),
('2BU20CS090', '18CSL57', 0, 0, 0, 0, 0, 0, 0, 0, '', ''),
('2BU20CS091', '18CSL57', 0, 0, 0, 0, 0, 0, 0, 0, '', ''),
('2BU20CS092', '18CSL57', 0, 0, 0, 0, 0, 0, 0, 0, '', ''),
('2BU20CS093', '18CSL57', 0, 0, 0, 0, 0, 0, 0, 0, '', ''),
('2BU20CS094', '18CSL57', 0, 0, 0, 0, 0, 0, 0, 0, '', ''),
('2BU20CS095', '18CSL57', 0, 0, 0, 0, 0, 0, 0, 0, '', ''),
('2BU20CS096', '18CSL57', 0, 0, 0, 0, 0, 0, 0, 0, '', ''),
('2BU20CS097', '18CSL57', 0, 0, 0, 0, 0, 0, 0, 0, '', ''),
('2BU20CS098', '18CSL57', 0, 0, 0, 0, 0, 0, 0, 0, '', ''),
('2BU20CS099', '18CSL57', 0, 0, 0, 0, 0, 0, 0, 0, '', ''),
('2BU20CS100', '18CSL57', 0, 0, 0, 0, 0, 0, 0, 0, '', ''),
('2BU20CS101', '18CSL57', 0, 0, 0, 0, 0, 0, 0, 0, '', ''),
('2BU20CS102', '18CSL57', 0, 0, 0, 0, 0, 0, 0, 0, '', ''),
('2BU20CS103', '18CSL57', 0, 0, 0, 0, 0, 0, 0, 0, '', ''),
('2BU20CS104', '18CSL57', 0, 0, 0, 0, 0, 0, 0, 0, '', ''),
('2BU20CS105', '18CSL57', 0, 0, 0, 0, 0, 0, 0, 0, '', ''),
('2BU20CS106', '18CSL57', 0, 0, 0, 0, 0, 0, 0, 0, '', ''),
('2BU20CS107', '18CSL57', 0, 0, 0, 0, 0, 0, 0, 0, '', ''),
('2BU21CS403', '18CSL57', 0, 0, 0, 0, 0, 0, 0, 0, '', ''),
('2BU21CS408', '18CSL57', 0, 0, 0, 0, 0, 0, 0, 0, '', ''),
('2BU21CS414', '18CSL57', 0, 0, 0, 0, 0, 0, 0, 0, '', ''),
('2BU21CS415', '18CSL57', 0, 0, 0, 0, 0, 0, 0, 0, '', ''),
('2BU21CS416', '18CSL57', 0, 0, 0, 0, 0, 0, 0, 0, '', ''),
('2BU21CS417', '18CSL57', 0, 0, 0, 0, 0, 0, 0, 0, '', ''),
('2BU21CS418', '18CSL57', 0, 0, 0, 0, 0, 0, 0, 0, '', ''),
('2BU21CS419', '18CSL57', 0, 0, 0, 0, 0, 0, 0, 0, '', ''),
('2BU21CS420', '18CSL57', 0, 0, 0, 0, 0, 0, 0, 0, '', ''),
('2BU21CS421', '18CSL57', 0, 0, 0, 0, 0, 0, 0, 0, '', ''),
('2BU21CS423', '18CSL57', 0, 0, 0, 0, 0, 0, 0, 0, '', ''),
('2BU21CS424', '18CSL57', 0, 0, 0, 0, 0, 0, 0, 0, '', ''),
('2BU21CS425', '18CSL57', 0, 0, 0, 0, 0, 0, 0, 0, '', ''),
('2BU21CS426', '18CSL57', 0, 0, 0, 0, 0, 0, 0, 0, '', ''),
('2BU21CS427', '18CSL57', 0, 0, 0, 0, 0, 0, 0, 0, '', ''),
('2BU21CS428', '18CSL57', 0, 0, 0, 0, 0, 0, 0, 0, '', ''),
('2BU21CS429', '18CSL57', 0, 0, 0, 0, 0, 0, 0, 0, '', ''),
('2BU20CS001', '18CSL58', 0, 0, 0, 0, 0, 0, 0, 0, '', ''),
('2BU20CS002', '18CSL58', 0, 0, 0, 0, 0, 0, 0, 0, '', ''),
('2BU20CS003', '18CSL58', 0, 0, 0, 0, 0, 0, 0, 0, '', ''),
('2BU20CS004', '18CSL58', 0, 0, 0, 0, 0, 0, 0, 0, '', ''),
('2BU20CS005', '18CSL58', 0, 0, 0, 0, 0, 0, 0, 0, '', ''),
('2BU20CS006', '18CSL58', 0, 0, 0, 0, 0, 0, 0, 0, '', ''),
('2BU20CS007', '18CSL58', 0, 0, 0, 0, 0, 0, 0, 0, '', ''),
('2BU20CS008', '18CSL58', 0, 0, 0, 0, 0, 0, 0, 0, '', ''),
('2BU20CS009', '18CSL58', 0, 0, 0, 0, 0, 0, 0, 0, '', ''),
('2BU20CS010', '18CSL58', 0, 0, 0, 0, 0, 0, 0, 0, '', ''),
('2BU20CS012', '18CSL58', 0, 0, 0, 0, 0, 0, 0, 0, '', ''),
('2BU20CS013', '18CSL58', 0, 0, 0, 0, 0, 0, 0, 0, '', ''),
('2BU20CS014', '18CSL58', 0, 0, 0, 0, 0, 0, 0, 0, '', ''),
('2BU20CS015', '18CSL58', 0, 0, 0, 0, 0, 0, 0, 0, '', ''),
('2BU20CS016', '18CSL58', 0, 0, 0, 0, 0, 0, 0, 0, '', ''),
('2BU20CS017', '18CSL58', 0, 0, 0, 0, 0, 0, 0, 0, '', ''),
('2BU20CS018', '18CSL58', 0, 0, 0, 0, 0, 0, 0, 0, '', ''),
('2BU20CS019', '18CSL58', 0, 0, 0, 0, 0, 0, 0, 0, '', ''),
('2BU20CS020', '18CSL58', 0, 0, 0, 0, 0, 0, 0, 0, '', ''),
('2BU20CS021', '18CSL58', 0, 0, 0, 0, 0, 0, 0, 0, '', ''),
('2BU20CS022', '18CSL58', 0, 0, 0, 0, 0, 0, 0, 0, '', ''),
('2BU20CS023', '18CSL58', 0, 0, 0, 0, 0, 0, 0, 0, '', ''),
('2BU20CS024', '18CSL58', 0, 0, 0, 0, 0, 0, 0, 0, '', ''),
('2BU20CS025', '18CSL58', 0, 0, 0, 0, 0, 0, 0, 0, '', ''),
('2BU20CS026', '18CSL58', 0, 0, 0, 0, 0, 0, 0, 0, '', ''),
('2BU20CS027', '18CSL58', 0, 0, 0, 0, 0, 0, 0, 0, '', ''),
('2BU20CS028', '18CSL58', 0, 0, 0, 0, 0, 0, 0, 0, '', ''),
('2BU20CS029', '18CSL58', 0, 0, 0, 0, 0, 0, 0, 0, '', ''),
('2BU20CS030', '18CSL58', 0, 0, 0, 0, 0, 0, 0, 0, '', ''),
('2BU20CS031', '18CSL58', 0, 0, 0, 0, 0, 0, 0, 0, '', ''),
('2BU20CS032', '18CSL58', 0, 0, 0, 0, 0, 0, 0, 0, '', ''),
('2BU20CS033', '18CSL58', 0, 0, 0, 0, 0, 0, 0, 0, '', ''),
('2BU20CS034', '18CSL58', 0, 0, 0, 0, 0, 0, 0, 0, '', ''),
('2BU20CS035', '18CSL58', 0, 0, 0, 0, 0, 0, 0, 0, '', ''),
('2BU20CS036', '18CSL58', 0, 0, 0, 0, 0, 0, 0, 0, '', ''),
('2BU20CS037', '18CSL58', 0, 0, 0, 0, 0, 0, 0, 0, '', ''),
('2BU20CS038', '18CSL58', 0, 0, 0, 0, 0, 0, 0, 0, '', ''),
('2BU20CS039', '18CSL58', 0, 0, 0, 0, 0, 0, 0, 0, '', ''),
('2BU20CS040', '18CSL58', 0, 0, 0, 0, 0, 0, 0, 0, '', ''),
('2BU20CS041', '18CSL58', 0, 0, 0, 0, 0, 0, 0, 0, '', ''),
('2BU20CS042', '18CSL58', 0, 0, 0, 0, 0, 0, 0, 0, '', ''),
('2BU20CS043', '18CSL58', 0, 0, 0, 0, 0, 0, 0, 0, '', ''),
('2BU20CS044', '18CSL58', 0, 0, 0, 0, 0, 0, 0, 0, '', ''),
('2BU20CS045', '18CSL58', 0, 0, 0, 0, 0, 0, 0, 0, '', ''),
('2BU20CS046', '18CSL58', 0, 0, 0, 0, 0, 0, 0, 0, '', ''),
('2BU20CS047', '18CSL58', 0, 0, 0, 0, 0, 0, 0, 0, '', ''),
('2BU20CS048', '18CSL58', 0, 0, 0, 0, 0, 0, 0, 0, '', ''),
('2BU20CS049', '18CSL58', 0, 0, 0, 0, 0, 0, 0, 0, '', ''),
('2BU20CS050', '18CSL58', 0, 0, 0, 0, 0, 0, 0, 0, '', ''),
('2BU20CS051', '18CSL58', 0, 0, 0, 0, 0, 0, 0, 0, '', ''),
('2BU20CS052', '18CSL58', 0, 0, 0, 0, 0, 0, 0, 0, '', ''),
('2BU20CS053', '18CSL58', 0, 0, 0, 0, 0, 0, 0, 0, '', ''),
('2BU20CS054', '18CSL58', 0, 0, 0, 0, 0, 0, 0, 0, '', ''),
('2BU20CS055', '18CSL58', 0, 0, 0, 0, 0, 0, 0, 0, '', ''),
('2BU20CS056', '18CSL58', 0, 0, 0, 0, 0, 0, 0, 0, '', ''),
('2BU20CS057', '18CSL58', 0, 0, 0, 0, 0, 0, 0, 0, '', ''),
('2BU20CS058', '18CSL58', 0, 0, 0, 0, 0, 0, 0, 0, '', ''),
('2BU21CS400', '18CSL58', 0, 0, 0, 0, 0, 0, 0, 0, '', ''),
('2BU21CS401', '18CSL58', 0, 0, 0, 0, 0, 0, 0, 0, '', ''),
('2BU21CS402', '18CSL58', 0, 0, 0, 0, 0, 0, 0, 0, '', ''),
('2BU21CS404', '18CSL58', 0, 0, 0, 0, 0, 0, 0, 0, '', ''),
('2BU21CS405', '18CSL58', 0, 0, 0, 0, 0, 0, 0, 0, '', ''),
('2BU21CS406', '18CSL58', 0, 0, 0, 0, 0, 0, 0, 0, '', ''),
('2BU21CS407', '18CSL58', 0, 0, 0, 0, 0, 0, 0, 0, '', ''),
('2BU21CS409', '18CSL58', 0, 0, 0, 0, 0, 0, 0, 0, '', ''),
('2BU21CS410', '18CSL58', 0, 0, 0, 0, 0, 0, 0, 0, '', ''),
('2BU21CS411', '18CSL58', 0, 0, 0, 0, 0, 0, 0, 0, '', ''),
('2BU21CS412', '18CSL58', 0, 0, 0, 0, 0, 0, 0, 0, '', ''),
('2BU21CS413', '18CSL58', 0, 0, 0, 0, 0, 0, 0, 0, '', ''),
('2BU21CS422', '18CSL58', 0, 0, 0, 0, 0, 0, 0, 0, '', ''),
('2BU20CS059', '18CSL58', 0, 0, 0, 0, 0, 0, 0, 0, '', ''),
('2BU20CS060', '18CSL58', 0, 0, 0, 0, 0, 0, 0, 0, '', ''),
('2BU20CS061', '18CSL58', 0, 0, 0, 0, 0, 0, 0, 0, '', ''),
('2BU20CS062', '18CSL58', 0, 0, 0, 0, 0, 0, 0, 0, '', ''),
('2BU20CS063', '18CSL58', 0, 0, 0, 0, 0, 0, 0, 0, '', ''),
('2BU20CS064', '18CSL58', 0, 0, 0, 0, 0, 0, 0, 0, '', ''),
('2BU20CS065', '18CSL58', 0, 0, 0, 0, 0, 0, 0, 0, '', ''),
('2BU20CS066', '18CSL58', 0, 0, 0, 0, 0, 0, 0, 0, '', ''),
('2BU20CS067', '18CSL58', 0, 0, 0, 0, 0, 0, 0, 0, '', ''),
('2BU20CS068', '18CSL58', 0, 0, 0, 0, 0, 0, 0, 0, '', ''),
('2BU20CS069', '18CSL58', 0, 0, 0, 0, 0, 0, 0, 0, '', ''),
('2BU20CS070', '18CSL58', 0, 0, 0, 0, 0, 0, 0, 0, '', ''),
('2BU20CS071', '18CSL58', 0, 0, 0, 0, 0, 0, 0, 0, '', ''),
('2BU20CS072', '18CSL58', 0, 0, 0, 0, 0, 0, 0, 0, '', ''),
('2BU20CS073', '18CSL58', 0, 0, 0, 0, 0, 0, 0, 0, '', ''),
('2BU20CS074', '18CSL58', 0, 0, 0, 0, 0, 0, 0, 0, '', ''),
('2BU20CS075', '18CSL58', 0, 0, 0, 0, 0, 0, 0, 0, '', ''),
('2BU20CS076', '18CSL58', 0, 0, 0, 0, 0, 0, 0, 0, '', ''),
('2BU20CS077', '18CSL58', 0, 0, 0, 0, 0, 0, 0, 0, '', ''),
('2BU20CS078', '18CSL58', 0, 0, 0, 0, 0, 0, 0, 0, '', ''),
('2BU20CS079', '18CSL58', 0, 0, 0, 0, 0, 0, 0, 0, '', ''),
('2BU20CS080', '18CSL58', 0, 0, 0, 0, 0, 0, 0, 0, '', ''),
('2BU20CS081', '18CSL58', 0, 0, 0, 0, 0, 0, 0, 0, '', ''),
('2BU20CS082', '18CSL58', 0, 0, 0, 0, 0, 0, 0, 0, '', ''),
('2BU20CS083', '18CSL58', 0, 0, 0, 0, 0, 0, 0, 0, '', ''),
('2BU20CS084', '18CSL58', 0, 0, 0, 0, 0, 0, 0, 0, '', ''),
('2BU20CS085', '18CSL58', 0, 0, 0, 0, 0, 0, 0, 0, '', ''),
('2BU20CS086', '18CSL58', 0, 0, 0, 0, 0, 0, 0, 0, '', ''),
('2BU20CS087', '18CSL58', 0, 0, 0, 0, 0, 0, 0, 0, '', ''),
('2BU20CS088', '18CSL58', 0, 0, 0, 0, 0, 0, 0, 0, '', ''),
('2BU20CS089', '18CSL58', 0, 0, 0, 0, 0, 0, 0, 0, '', ''),
('2BU20CS090', '18CSL58', 0, 0, 0, 0, 0, 0, 0, 0, '', ''),
('2BU20CS091', '18CSL58', 0, 0, 0, 0, 0, 0, 0, 0, '', ''),
('2BU20CS092', '18CSL58', 0, 0, 0, 0, 0, 0, 0, 0, '', ''),
('2BU20CS093', '18CSL58', 0, 0, 0, 0, 0, 0, 0, 0, '', ''),
('2BU20CS094', '18CSL58', 0, 0, 0, 0, 0, 0, 0, 0, '', ''),
('2BU20CS095', '18CSL58', 0, 0, 0, 0, 0, 0, 0, 0, '', ''),
('2BU20CS096', '18CSL58', 0, 0, 0, 0, 0, 0, 0, 0, '', ''),
('2BU20CS097', '18CSL58', 0, 0, 0, 0, 0, 0, 0, 0, '', ''),
('2BU20CS098', '18CSL58', 0, 0, 0, 0, 0, 0, 0, 0, '', ''),
('2BU20CS099', '18CSL58', 0, 0, 0, 0, 0, 0, 0, 0, '', ''),
('2BU20CS100', '18CSL58', 0, 0, 0, 0, 0, 0, 0, 0, '', ''),
('2BU20CS101', '18CSL58', 0, 0, 0, 0, 0, 0, 0, 0, '', ''),
('2BU20CS102', '18CSL58', 0, 0, 0, 0, 0, 0, 0, 0, '', ''),
('2BU20CS103', '18CSL58', 0, 0, 0, 0, 0, 0, 0, 0, '', ''),
('2BU20CS104', '18CSL58', 0, 0, 0, 0, 0, 0, 0, 0, '', ''),
('2BU20CS105', '18CSL58', 0, 0, 0, 0, 0, 0, 0, 0, '', ''),
('2BU20CS106', '18CSL58', 0, 0, 0, 0, 0, 0, 0, 0, '', ''),
('2BU20CS107', '18CSL58', 0, 0, 0, 0, 0, 0, 0, 0, '', ''),
('2BU21CS403', '18CSL58', 0, 0, 0, 0, 0, 0, 0, 0, '', ''),
('2BU21CS408', '18CSL58', 0, 0, 0, 0, 0, 0, 0, 0, '', ''),
('2BU21CS414', '18CSL58', 0, 0, 0, 0, 0, 0, 0, 0, '', ''),
('2BU21CS415', '18CSL58', 0, 0, 0, 0, 0, 0, 0, 0, '', ''),
('2BU21CS416', '18CSL58', 0, 0, 0, 0, 0, 0, 0, 0, '', ''),
('2BU21CS417', '18CSL58', 0, 0, 0, 0, 0, 0, 0, 0, '', ''),
('2BU21CS418', '18CSL58', 0, 0, 0, 0, 0, 0, 0, 0, '', ''),
('2BU21CS419', '18CSL58', 0, 0, 0, 0, 0, 0, 0, 0, '', ''),
('2BU21CS420', '18CSL58', 0, 0, 0, 0, 0, 0, 0, 0, '', ''),
('2BU21CS421', '18CSL58', 0, 0, 0, 0, 0, 0, 0, 0, '', ''),
('2BU21CS423', '18CSL58', 0, 0, 0, 0, 0, 0, 0, 0, '', ''),
('2BU21CS424', '18CSL58', 0, 0, 0, 0, 0, 0, 0, 0, '', ''),
('2BU21CS425', '18CSL58', 0, 0, 0, 0, 0, 0, 0, 0, '', ''),
('2BU21CS426', '18CSL58', 0, 0, 0, 0, 0, 0, 0, 0, '', ''),
('2BU21CS427', '18CSL58', 0, 0, 0, 0, 0, 0, 0, 0, '', ''),
('2BU21CS428', '18CSL58', 0, 0, 0, 0, 0, 0, 0, 0, '', ''),
('2BU21CS429', '18CSL58', 0, 0, 0, 0, 0, 0, 0, 0, 'Sunil', ''),
('2BU21CS001', '21MAT31', 0, 0, 0, 0, 0, 0, 0, 0, '', 'A'),
('2BU21CS002', '21MAT31', 0, 0, 0, 0, 0, 0, 0, 0, '', 'A'),
('2BU21CS003', '21MAT31', 0, 0, 0, 0, 0, 0, 0, 0, '', 'A'),
('2BU21CS004', '21MAT31', 0, 0, 0, 0, 0, 0, 0, 0, '', 'A'),
('2BU21CS005', '21MAT31', 0, 0, 0, 0, 0, 0, 0, 0, '', 'A'),
('2BU21CS006', '21MAT31', 0, 0, 0, 0, 0, 0, 0, 0, '', 'A'),
('2BU21CS007', '21MAT31', 0, 0, 0, 0, 0, 0, 0, 0, '', 'A'),
('2BU21CS008', '21MAT31', 0, 0, 0, 0, 0, 0, 0, 0, '', 'A'),
('2BU21CS009', '21MAT31', 0, 0, 0, 0, 0, 0, 0, 0, '', 'A'),
('2BU21CS010', '21MAT31', 0, 0, 0, 0, 0, 0, 0, 0, '', 'A'),
('2BU21CS011', '21MAT31', 0, 0, 0, 0, 0, 0, 0, 0, '', 'A'),
('2BU21CS012', '21MAT31', 0, 0, 0, 0, 0, 0, 0, 0, '', 'A'),
('2BU21CS013', '21MAT31', 0, 0, 0, 0, 0, 0, 0, 0, '', 'A'),
('2BU21CS014', '21MAT31', 0, 0, 0, 0, 0, 0, 0, 0, '', 'A'),
('2BU21CS015', '21MAT31', 0, 0, 0, 0, 0, 0, 0, 0, '', 'A'),
('2BU21CS016', '21MAT31', 0, 0, 0, 0, 0, 0, 0, 0, '', 'A'),
('2BU21CS017', '21MAT31', 0, 0, 0, 0, 0, 0, 0, 0, '', 'A'),
('2BU21CS018', '21MAT31', 0, 0, 0, 0, 0, 0, 0, 0, '', 'A'),
('2BU21CS019', '21MAT31', 0, 0, 0, 0, 0, 0, 0, 0, '', 'A'),
('2BU21CS020', '21MAT31', 0, 0, 0, 0, 0, 0, 0, 0, '', 'A'),
('2BU21CS021', '21MAT31', 0, 0, 0, 0, 0, 0, 0, 0, '', 'A'),
('2BU21CS022', '21MAT31', 0, 0, 0, 0, 0, 0, 0, 0, '', 'A'),
('2BU21CS023', '21MAT31', 0, 0, 0, 0, 0, 0, 0, 0, '', 'A'),
('2BU21CS024', '21MAT31', 0, 0, 0, 0, 0, 0, 0, 0, '', 'A'),
('2BU21CS025', '21MAT31', 0, 0, 0, 0, 0, 0, 0, 0, '', 'A'),
('2BU21CS026', '21MAT31', 0, 0, 0, 0, 0, 0, 0, 0, '', 'A'),
('2BU21CS027', '21MAT31', 0, 0, 0, 0, 0, 0, 0, 0, '', 'A'),
('2BU21CS028', '21MAT31', 0, 0, 0, 0, 0, 0, 0, 0, '', 'A'),
('2BU21CS029', '21MAT31', 0, 0, 0, 0, 0, 0, 0, 0, '', 'A'),
('2BU21CS030', '21MAT31', 0, 0, 0, 0, 0, 0, 0, 0, '', 'A'),
('2BU21CS031', '21MAT31', 0, 0, 0, 0, 0, 0, 0, 0, '', 'A'),
('2BU21CS032', '21MAT31', 0, 0, 0, 0, 0, 0, 0, 0, '', 'A'),
('2BU21CS033', '21MAT31', 0, 0, 0, 0, 0, 0, 0, 0, '', 'A'),
('2BU21CS034', '21MAT31', 0, 0, 0, 0, 0, 0, 0, 0, '', 'A'),
('2BU21CS035', '21MAT31', 0, 0, 0, 0, 0, 0, 0, 0, '', 'A'),
('2BU21CS036', '21MAT31', 0, 0, 0, 0, 0, 0, 0, 0, '', 'A'),
('2BU21CS037', '21MAT31', 0, 0, 0, 0, 0, 0, 0, 0, '', 'A'),
('2BU21CS038', '21MAT31', 0, 0, 0, 0, 0, 0, 0, 0, '', 'A'),
('2BU21CS039', '21MAT31', 0, 0, 0, 0, 0, 0, 0, 0, '', 'A'),
('2BU21CS040', '21MAT31', 0, 0, 0, 0, 0, 0, 0, 0, '', 'A'),
('2BU21CS041', '21MAT31', 0, 0, 0, 0, 0, 0, 0, 0, '', 'A'),
('2BU21CS042', '21MAT31', 0, 0, 0, 0, 0, 0, 0, 0, '', 'A'),
('2BU21CS043', '21MAT31', 0, 0, 0, 0, 0, 0, 0, 0, '', 'A'),
('2BU21CS044', '21MAT31', 0, 0, 0, 0, 0, 0, 0, 0, '', 'A'),
('2BU21CS045', '21MAT31', 0, 0, 0, 0, 0, 0, 0, 0, '', 'A'),
('2BU21CS046', '21MAT31', 0, 0, 0, 0, 0, 0, 0, 0, '', 'A'),
('2BU21CS047', '21MAT31', 0, 0, 0, 0, 0, 0, 0, 0, '', 'A'),
('2BU21CS048', '21MAT31', 0, 0, 0, 0, 0, 0, 0, 0, '', 'A'),
('2BU21CS050', '21MAT31', 0, 0, 0, 0, 0, 0, 0, 0, '', 'A'),
('2BU21CS051', '21MAT31', 0, 0, 0, 0, 0, 0, 0, 0, '', 'A'),
('2BU21CS052', '21MAT31', 0, 0, 0, 0, 0, 0, 0, 0, '', 'A'),
('2BU21CS053', '21MAT31', 0, 0, 0, 0, 0, 0, 0, 0, '', 'A'),
('2BU21CS054', '21MAT31', 0, 0, 0, 0, 0, 0, 0, 0, '', 'A'),
('2BU21CS055', '21MAT31', 0, 0, 0, 0, 0, 0, 0, 0, '', 'A'),
('2BU21CS056', '21MAT31', 0, 0, 0, 0, 0, 0, 0, 0, '', 'A'),
('2BU21CS057', '21MAT31', 0, 0, 0, 0, 0, 0, 0, 0, '', 'A'),
('2BU21CS058', '21MAT31', 0, 0, 0, 0, 0, 0, 0, 0, '', 'A'),
('2BU21CS059', '21MAT31', 0, 0, 0, 0, 0, 0, 0, 0, '', 'A'),
('2BU21CS060', '21MAT31', 0, 0, 0, 0, 0, 0, 0, 0, '', 'A'),
('2BU21CS061', '21MAT31', 0, 0, 0, 0, 0, 0, 0, 0, '', 'A'),
('2BU21CS062', '21MAT31', 0, 0, 0, 0, 0, 0, 0, 0, '', 'A'),
('2BU21CS063', '21MAT31', 0, 0, 0, 0, 0, 0, 0, 0, '', 'A'),
('2BU22CS400', '21MAT31', 0, 0, 0, 0, 0, 0, 0, 0, '', 'A'),
('2BU22CS401', '21MAT31', 0, 0, 0, 0, 0, 0, 0, 0, '', 'A'),
('2BU22CS402', '21MAT31', 0, 0, 0, 0, 0, 0, 0, 0, '', 'A'),
('2BU22CS403', '21MAT31', 0, 0, 0, 0, 0, 0, 0, 0, '', 'A'),
('2BU22CS404', '21MAT31', 0, 0, 0, 0, 0, 0, 0, 0, '', 'A'),
('2BU22CS405', '21MAT31', 0, 0, 0, 0, 0, 0, 0, 0, '', 'A'),
('2BU21CS064', '21MAT31', 0, 0, 0, 0, 0, 0, 0, 0, '', 'B'),
('2BU21CS065', '21MAT31', 0, 0, 0, 0, 0, 0, 0, 0, '', 'B'),
('2BU21CS066', '21MAT31', 0, 0, 0, 0, 0, 0, 0, 0, '', 'B'),
('2BU21CS067', '21MAT31', 0, 0, 0, 0, 0, 0, 0, 0, '', 'B'),
('2BU21CS069', '21MAT31', 0, 0, 0, 0, 0, 0, 0, 0, '', 'B'),
('2BU21CS070', '21MAT31', 0, 0, 0, 0, 0, 0, 0, 0, '', 'B'),
('2BU21CS071', '21MAT31', 0, 0, 0, 0, 0, 0, 0, 0, '', 'B'),
('2BU21CS072', '21MAT31', 0, 0, 0, 0, 0, 0, 0, 0, '', 'B'),
('2BU21CS073', '21MAT31', 0, 0, 0, 0, 0, 0, 0, 0, '', 'B'),
('2BU21CS074', '21MAT31', 0, 0, 0, 0, 0, 0, 0, 0, '', 'B'),
('2BU21CS075', '21MAT31', 0, 0, 0, 0, 0, 0, 0, 0, '', 'B'),
('2BU21CS076', '21MAT31', 0, 0, 0, 0, 0, 0, 0, 0, '', 'B'),
('2BU21CS078', '21MAT31', 0, 0, 0, 0, 0, 0, 0, 0, '', 'B'),
('2BU21CS079', '21MAT31', 0, 0, 0, 0, 0, 0, 0, 0, '', 'B'),
('2BU21CS080', '21MAT31', 0, 0, 0, 0, 0, 0, 0, 0, '', 'B'),
('2BU21CS081', '21MAT31', 0, 0, 0, 0, 0, 0, 0, 0, '', 'B'),
('2BU21CS082', '21MAT31', 0, 0, 0, 0, 0, 0, 0, 0, '', 'B'),
('2BU21CS083', '21MAT31', 0, 0, 0, 0, 0, 0, 0, 0, '', 'B'),
('2BU21CS084', '21MAT31', 0, 0, 0, 0, 0, 0, 0, 0, '', 'B'),
('2BU21CS085', '21MAT31', 0, 0, 0, 0, 0, 0, 0, 0, '', 'B'),
('2BU21CS086', '21MAT31', 0, 0, 0, 0, 0, 0, 0, 0, '', 'B'),
('2BU21CS087', '21MAT31', 0, 0, 0, 0, 0, 0, 0, 0, '', 'B'),
('2BU21CS088', '21MAT31', 0, 0, 0, 0, 0, 0, 0, 0, '', 'B'),
('2BU21CS089', '21MAT31', 0, 0, 0, 0, 0, 0, 0, 0, '', 'B'),
('2BU21CS090', '21MAT31', 0, 0, 0, 0, 0, 0, 0, 0, '', 'B'),
('2BU21CS091', '21MAT31', 0, 0, 0, 0, 0, 0, 0, 0, '', 'B'),
('2BU21CS092', '21MAT31', 0, 0, 0, 0, 0, 0, 0, 0, '', 'B'),
('2BU21CS093', '21MAT31', 0, 0, 0, 0, 0, 0, 0, 0, '', 'B'),
('2BU21CS094', '21MAT31', 0, 0, 0, 0, 0, 0, 0, 0, '', 'B'),
('2BU21CS095', '21MAT31', 0, 0, 0, 0, 0, 0, 0, 0, '', 'B'),
('2BU21CS096', '21MAT31', 0, 0, 0, 0, 0, 0, 0, 0, '', 'B'),
('2BU21CS097', '21MAT31', 0, 0, 0, 0, 0, 0, 0, 0, '', 'B'),
('2BU21CS098', '21MAT31', 0, 0, 0, 0, 0, 0, 0, 0, '', 'B'),
('2BU21CS099', '21MAT31', 0, 0, 0, 0, 0, 0, 0, 0, '', 'B'),
('2BU21CS100', '21MAT31', 0, 0, 0, 0, 0, 0, 0, 0, '', 'B'),
('2BU21CS101', '21MAT31', 0, 0, 0, 0, 0, 0, 0, 0, '', 'B'),
('2BU21CS102', '21MAT31', 0, 0, 0, 0, 0, 0, 0, 0, '', 'B'),
('2BU21CS103', '21MAT31', 0, 0, 0, 0, 0, 0, 0, 0, '', 'B'),
('2BU21CS104', '21MAT31', 0, 0, 0, 0, 0, 0, 0, 0, '', 'B'),
('2BU21CS105', '21MAT31', 0, 0, 0, 0, 0, 0, 0, 0, '', 'B'),
('2BU21CS106', '21MAT31', 0, 0, 0, 0, 0, 0, 0, 0, '', 'B'),
('2BU21CS107', '21MAT31', 0, 0, 0, 0, 0, 0, 0, 0, '', 'B'),
('2BU21CS108', '21MAT31', 0, 0, 0, 0, 0, 0, 0, 0, '', 'B'),
('2BU21CS109', '21MAT31', 0, 0, 0, 0, 0, 0, 0, 0, '', 'B'),
('2BU21CS110', '21MAT31', 0, 0, 0, 0, 0, 0, 0, 0, '', 'B'),
('2BU21CS111', '21MAT31', 0, 0, 0, 0, 0, 0, 0, 0, '', 'B'),
('2BU21CS112', '21MAT31', 0, 0, 0, 0, 0, 0, 0, 0, '', 'B'),
('2BU21CS113', '21MAT31', 0, 0, 0, 0, 0, 0, 0, 0, '', 'B'),
('2BU21CS114', '21MAT31', 0, 0, 0, 0, 0, 0, 0, 0, '', 'B'),
('2BU21CS115', '21MAT31', 0, 0, 0, 0, 0, 0, 0, 0, '', 'B'),
('2BU21CS116', '21MAT31', 0, 0, 0, 0, 0, 0, 0, 0, '', 'B'),
('2BU21CS117', '21MAT31', 0, 0, 0, 0, 0, 0, 0, 0, '', 'B'),
('2BU21CS118', '21MAT31', 0, 0, 0, 0, 0, 0, 0, 0, '', 'B'),
('2BU21CS119', '21MAT31', 0, 0, 0, 0, 0, 0, 0, 0, '', 'B'),
('2BU21CS120', '21MAT31', 0, 0, 0, 0, 0, 0, 0, 0, '', 'B'),
('2BU21CS121', '21MAT31', 0, 0, 0, 0, 0, 0, 0, 0, '', 'B'),
('2BU21CS122', '21MAT31', 0, 0, 0, 0, 0, 0, 0, 0, '', 'B'),
('2BU21CS123', '21MAT31', 0, 0, 0, 0, 0, 0, 0, 0, '', 'B'),
('2BU21CS124', '21MAT31', 0, 0, 0, 0, 0, 0, 0, 0, '', 'B'),
('2BU21CS125', '21MAT31', 0, 0, 0, 0, 0, 0, 0, 0, '', 'B'),
('2BU21CS126', '21MAT31', 0, 0, 0, 0, 0, 0, 0, 0, '', 'B'),
('2BU22CS406', '21MAT31', 0, 0, 0, 0, 0, 0, 0, 0, '', 'B'),
('2BU22CS407', '21MAT31', 0, 0, 0, 0, 0, 0, 0, 0, '', 'B'),
('2BU22CS408', '21MAT31', 0, 0, 0, 0, 0, 0, 0, 0, '', 'B'),
('2BU22CS409', '21MAT31', 0, 0, 0, 0, 0, 0, 0, 0, '', 'B'),
('2BU22CS410', '21MAT31', 0, 0, 0, 0, 0, 0, 0, 0, '', 'B'),
('2BU22CS411', '21MAT31', 0, 0, 0, 0, 0, 0, 0, 0, '', 'B'),
('2BU21CS127', '21MAT31', 0, 0, 0, 0, 0, 0, 0, 0, '', 'C'),
('2BU21CS128', '21MAT31', 0, 0, 0, 0, 0, 0, 0, 0, '', 'C'),
('2BU21CS129', '21MAT31', 0, 0, 0, 0, 0, 0, 0, 0, '', 'C'),
('2BU21CS130', '21MAT31', 0, 0, 0, 0, 0, 0, 0, 0, '', 'C'),
('2BU21CS131', '21MAT31', 0, 0, 0, 0, 0, 0, 0, 0, '', 'C'),
('2BU21CS132', '21MAT31', 0, 0, 0, 0, 0, 0, 0, 0, '', 'C'),
('2BU21CS133', '21MAT31', 0, 0, 0, 0, 0, 0, 0, 0, '', 'C'),
('2BU21CS134', '21MAT31', 0, 0, 0, 0, 0, 0, 0, 0, '', 'C'),
('2BU21CS135', '21MAT31', 0, 0, 0, 0, 0, 0, 0, 0, '', 'C'),
('2BU21CS136', '21MAT31', 0, 0, 0, 0, 0, 0, 0, 0, '', 'C'),
('2BU21CS137', '21MAT31', 0, 0, 0, 0, 0, 0, 0, 0, '', 'C'),
('2BU21CS138', '21MAT31', 0, 0, 0, 0, 0, 0, 0, 0, '', 'C'),
('2BU21CS139', '21MAT31', 0, 0, 0, 0, 0, 0, 0, 0, '', 'C'),
('2BU21CS140', '21MAT31', 0, 0, 0, 0, 0, 0, 0, 0, '', 'C'),
('2BU21CS141', '21MAT31', 0, 0, 0, 0, 0, 0, 0, 0, '', 'C'),
('2BU21CS142', '21MAT31', 0, 0, 0, 0, 0, 0, 0, 0, '', 'C'),
('2BU21CS143', '21MAT31', 0, 0, 0, 0, 0, 0, 0, 0, '', 'C'),
('2BU21CS144', '21MAT31', 0, 0, 0, 0, 0, 0, 0, 0, '', 'C'),
('2BU21CS145', '21MAT31', 0, 0, 0, 0, 0, 0, 0, 0, '', 'C'),
('2BU21CS146', '21MAT31', 0, 0, 0, 0, 0, 0, 0, 0, '', 'C'),
('2BU21CS147', '21MAT31', 0, 0, 0, 0, 0, 0, 0, 0, '', 'C'),
('2BU21CS148', '21MAT31', 0, 0, 0, 0, 0, 0, 0, 0, '', 'C'),
('2BU21CS149', '21MAT31', 0, 0, 0, 0, 0, 0, 0, 0, '', 'C'),
('2BU21CS150', '21MAT31', 0, 0, 0, 0, 0, 0, 0, 0, '', 'C'),
('2BU21CS151', '21MAT31', 0, 0, 0, 0, 0, 0, 0, 0, '', 'C'),
('2BU21CS152', '21MAT31', 0, 0, 0, 0, 0, 0, 0, 0, '', 'C'),
('2BU21CS153', '21MAT31', 0, 0, 0, 0, 0, 0, 0, 0, '', 'C'),
('2BU21CS154', '21MAT31', 0, 0, 0, 0, 0, 0, 0, 0, '', 'C'),
('2BU21CS155', '21MAT31', 0, 0, 0, 0, 0, 0, 0, 0, '', 'C'),
('2BU21CS156', '21MAT31', 0, 0, 0, 0, 0, 0, 0, 0, '', 'C'),
('2BU21CS157', '21MAT31', 0, 0, 0, 0, 0, 0, 0, 0, '', 'C'),
('2BU21CS158', '21MAT31', 0, 0, 0, 0, 0, 0, 0, 0, '', 'C'),
('2BU21CS159', '21MAT31', 0, 0, 0, 0, 0, 0, 0, 0, '', 'C'),
('2BU21CS160', '21MAT31', 0, 0, 0, 0, 0, 0, 0, 0, '', 'C'),
('2BU21CS161', '21MAT31', 0, 0, 0, 0, 0, 0, 0, 0, '', 'C'),
('2BU21CS162', '21MAT31', 0, 0, 0, 0, 0, 0, 0, 0, '', 'C'),
('2BU21CS163', '21MAT31', 0, 0, 0, 0, 0, 0, 0, 0, '', 'C'),
('2BU21CS164', '21MAT31', 0, 0, 0, 0, 0, 0, 0, 0, '', 'C'),
('2BU21CS165', '21MAT31', 0, 0, 0, 0, 0, 0, 0, 0, '', 'C'),
('2BU21CS166', '21MAT31', 0, 0, 0, 0, 0, 0, 0, 0, '', 'C'),
('2BU21CS167', '21MAT31', 0, 0, 0, 0, 0, 0, 0, 0, '', 'C'),
('2BU21CS168', '21MAT31', 0, 0, 0, 0, 0, 0, 0, 0, '', 'C'),
('2BU21CS169', '21MAT31', 0, 0, 0, 0, 0, 0, 0, 0, '', 'C'),
('2BU21CS170', '21MAT31', 0, 0, 0, 0, 0, 0, 0, 0, '', 'C'),
('2BU21CS171', '21MAT31', 0, 0, 0, 0, 0, 0, 0, 0, '', 'C'),
('2BU21CS172', '21MAT31', 0, 0, 0, 0, 0, 0, 0, 0, '', 'C'),
('2BU21CS173', '21MAT31', 0, 0, 0, 0, 0, 0, 0, 0, '', 'C'),
('2BU21CS174', '21MAT31', 0, 0, 0, 0, 0, 0, 0, 0, '', 'C'),
('2BU21CS175', '21MAT31', 0, 0, 0, 0, 0, 0, 0, 0, '', 'C'),
('2BU21CS176', '21MAT31', 0, 0, 0, 0, 0, 0, 0, 0, '', 'C'),
('2BU21CS177', '21MAT31', 0, 0, 0, 0, 0, 0, 0, 0, '', 'C'),
('2BU21CS178', '21MAT31', 0, 0, 0, 0, 0, 0, 0, 0, '', 'C'),
('2BU21CS179', '21MAT31', 0, 0, 0, 0, 0, 0, 0, 0, '', 'C'),
('2BU21CS180', '21MAT31', 0, 0, 0, 0, 0, 0, 0, 0, '', 'C'),
('2BU21CS181', '21MAT31', 0, 0, 0, 0, 0, 0, 0, 0, '', 'C'),
('2BU21CS182', '21MAT31', 0, 0, 0, 0, 0, 0, 0, 0, '', 'C'),
('2BU21CS183', '21MAT31', 0, 0, 0, 0, 0, 0, 0, 0, '', 'C'),
('2BU21CS184', '21MAT31', 0, 0, 0, 0, 0, 0, 0, 0, '', 'C'),
('2BU21CS185', '21MAT31', 0, 0, 0, 0, 0, 0, 0, 0, '', 'C'),
('2BU21CS186', '21MAT31', 0, 0, 0, 0, 0, 0, 0, 0, '', 'C'),
('2BU21CS187', '21MAT31', 0, 0, 0, 0, 0, 0, 0, 0, '', 'C'),
('2BU21CS188', '21MAT31', 0, 0, 0, 0, 0, 0, 0, 0, '', 'C'),
('2BU22CS412', '21MAT31', 0, 0, 0, 0, 0, 0, 0, 0, '', 'C'),
('2BU22CS413', '21MAT31', 0, 0, 0, 0, 0, 0, 0, 0, '', 'C'),
('2BU22CS414', '21MAT31', 0, 0, 0, 0, 0, 0, 0, 0, '', 'C'),
('2BU22CS415', '21MAT31', 0, 0, 0, 0, 0, 0, 0, 0, '', 'C'),
('2BU22CS416', '21MAT31', 0, 0, 0, 0, 0, 0, 0, 0, '', 'C'),
('2BU22CS417', '21MAT31', 0, 0, 0, 0, 0, 0, 0, 0, '', 'C'),
('2BU21CS001', '21CS32', 0, 0, 0, 0, 0, 0, 0, 0, '', 'A'),
('2BU21CS002', '21CS32', 0, 0, 0, 0, 0, 0, 0, 0, '', 'A'),
('2BU21CS003', '21CS32', 0, 0, 0, 0, 0, 0, 0, 0, '', 'A'),
('2BU21CS004', '21CS32', 0, 0, 0, 0, 0, 0, 0, 0, '', 'A'),
('2BU21CS005', '21CS32', 0, 0, 0, 0, 0, 0, 0, 0, '', 'A'),
('2BU21CS006', '21CS32', 0, 0, 0, 0, 0, 0, 0, 0, '', 'A'),
('2BU21CS007', '21CS32', 0, 0, 0, 0, 0, 0, 0, 0, '', 'A'),
('2BU21CS008', '21CS32', 0, 0, 0, 0, 0, 0, 0, 0, '', 'A'),
('2BU21CS009', '21CS32', 0, 0, 0, 0, 0, 0, 0, 0, '', 'A'),
('2BU21CS010', '21CS32', 0, 0, 0, 0, 0, 0, 0, 0, '', 'A'),
('2BU21CS011', '21CS32', 0, 0, 0, 0, 0, 0, 0, 0, '', 'A'),
('2BU21CS012', '21CS32', 0, 0, 0, 0, 0, 0, 0, 0, '', 'A'),
('2BU21CS013', '21CS32', 0, 0, 0, 0, 0, 0, 0, 0, '', 'A'),
('2BU21CS014', '21CS32', 0, 0, 0, 0, 0, 0, 0, 0, '', 'A'),
('2BU21CS015', '21CS32', 0, 0, 0, 0, 0, 0, 0, 0, '', 'A'),
('2BU21CS016', '21CS32', 0, 0, 0, 0, 0, 0, 0, 0, '', 'A'),
('2BU21CS017', '21CS32', 0, 0, 0, 0, 0, 0, 0, 0, '', 'A'),
('2BU21CS018', '21CS32', 0, 0, 0, 0, 0, 0, 0, 0, '', 'A'),
('2BU21CS019', '21CS32', 0, 0, 0, 0, 0, 0, 0, 0, '', 'A'),
('2BU21CS020', '21CS32', 0, 0, 0, 0, 0, 0, 0, 0, '', 'A'),
('2BU21CS021', '21CS32', 0, 0, 0, 0, 0, 0, 0, 0, '', 'A'),
('2BU21CS022', '21CS32', 0, 0, 0, 0, 0, 0, 0, 0, '', 'A'),
('2BU21CS023', '21CS32', 0, 0, 0, 0, 0, 0, 0, 0, '', 'A'),
('2BU21CS024', '21CS32', 0, 0, 0, 0, 0, 0, 0, 0, '', 'A'),
('2BU21CS025', '21CS32', 0, 0, 0, 0, 0, 0, 0, 0, '', 'A'),
('2BU21CS026', '21CS32', 0, 0, 0, 0, 0, 0, 0, 0, '', 'A'),
('2BU21CS027', '21CS32', 0, 0, 0, 0, 0, 0, 0, 0, '', 'A'),
('2BU21CS028', '21CS32', 0, 0, 0, 0, 0, 0, 0, 0, '', 'A'),
('2BU21CS029', '21CS32', 0, 0, 0, 0, 0, 0, 0, 0, '', 'A'),
('2BU21CS030', '21CS32', 0, 0, 0, 0, 0, 0, 0, 0, '', 'A'),
('2BU21CS031', '21CS32', 0, 0, 0, 0, 0, 0, 0, 0, '', 'A'),
('2BU21CS032', '21CS32', 0, 0, 0, 0, 0, 0, 0, 0, '', 'A'),
('2BU21CS033', '21CS32', 0, 0, 0, 0, 0, 0, 0, 0, '', 'A'),
('2BU21CS034', '21CS32', 0, 0, 0, 0, 0, 0, 0, 0, '', 'A'),
('2BU21CS035', '21CS32', 0, 0, 0, 0, 0, 0, 0, 0, '', 'A'),
('2BU21CS036', '21CS32', 0, 0, 0, 0, 0, 0, 0, 0, '', 'A'),
('2BU21CS037', '21CS32', 0, 0, 0, 0, 0, 0, 0, 0, '', 'A'),
('2BU21CS038', '21CS32', 0, 0, 0, 0, 0, 0, 0, 0, '', 'A'),
('2BU21CS039', '21CS32', 0, 0, 0, 0, 0, 0, 0, 0, '', 'A'),
('2BU21CS040', '21CS32', 0, 0, 0, 0, 0, 0, 0, 0, '', 'A'),
('2BU21CS041', '21CS32', 0, 0, 0, 0, 0, 0, 0, 0, '', 'A'),
('2BU21CS042', '21CS32', 0, 0, 0, 0, 0, 0, 0, 0, '', 'A'),
('2BU21CS043', '21CS32', 0, 0, 0, 0, 0, 0, 0, 0, '', 'A'),
('2BU21CS044', '21CS32', 0, 0, 0, 0, 0, 0, 0, 0, '', 'A'),
('2BU21CS045', '21CS32', 0, 0, 0, 0, 0, 0, 0, 0, '', 'A'),
('2BU21CS046', '21CS32', 0, 0, 0, 0, 0, 0, 0, 0, '', 'A'),
('2BU21CS047', '21CS32', 0, 0, 0, 0, 0, 0, 0, 0, '', 'A'),
('2BU21CS048', '21CS32', 0, 0, 0, 0, 0, 0, 0, 0, '', 'A'),
('2BU21CS050', '21CS32', 0, 0, 0, 0, 0, 0, 0, 0, '', 'A'),
('2BU21CS051', '21CS32', 0, 0, 0, 0, 0, 0, 0, 0, '', 'A'),
('2BU21CS052', '21CS32', 0, 0, 0, 0, 0, 0, 0, 0, '', 'A'),
('2BU21CS053', '21CS32', 0, 0, 0, 0, 0, 0, 0, 0, '', 'A'),
('2BU21CS054', '21CS32', 0, 0, 0, 0, 0, 0, 0, 0, '', 'A'),
('2BU21CS055', '21CS32', 0, 0, 0, 0, 0, 0, 0, 0, '', 'A'),
('2BU21CS056', '21CS32', 0, 0, 0, 0, 0, 0, 0, 0, '', 'A'),
('2BU21CS057', '21CS32', 0, 0, 0, 0, 0, 0, 0, 0, '', 'A'),
('2BU21CS058', '21CS32', 0, 0, 0, 0, 0, 0, 0, 0, '', 'A'),
('2BU21CS059', '21CS32', 0, 0, 0, 0, 0, 0, 0, 0, '', 'A'),
('2BU21CS060', '21CS32', 0, 0, 0, 0, 0, 0, 0, 0, '', 'A'),
('2BU21CS061', '21CS32', 0, 0, 0, 0, 0, 0, 0, 0, '', 'A'),
('2BU21CS062', '21CS32', 0, 0, 0, 0, 0, 0, 0, 0, '', 'A'),
('2BU21CS063', '21CS32', 0, 0, 0, 0, 0, 0, 0, 0, '', 'A'),
('2BU22CS400', '21CS32', 0, 0, 0, 0, 0, 0, 0, 0, '', 'A'),
('2BU22CS401', '21CS32', 0, 0, 0, 0, 0, 0, 0, 0, '', 'A'),
('2BU22CS402', '21CS32', 0, 0, 0, 0, 0, 0, 0, 0, '', 'A'),
('2BU22CS403', '21CS32', 0, 0, 0, 0, 0, 0, 0, 0, '', 'A'),
('2BU22CS404', '21CS32', 0, 0, 0, 0, 0, 0, 0, 0, '', 'A'),
('2BU22CS405', '21CS32', 0, 0, 0, 0, 0, 0, 0, 0, '', 'A'),
('2BU21CS064', '21CS32', 0, 0, 0, 0, 0, 0, 0, 0, '', 'B'),
('2BU21CS065', '21CS32', 0, 0, 0, 0, 0, 0, 0, 0, '', 'B'),
('2BU21CS066', '21CS32', 0, 0, 0, 0, 0, 0, 0, 0, '', 'B'),
('2BU21CS067', '21CS32', 0, 0, 0, 0, 0, 0, 0, 0, '', 'B'),
('2BU21CS069', '21CS32', 0, 0, 0, 0, 0, 0, 0, 0, '', 'B'),
('2BU21CS070', '21CS32', 0, 0, 0, 0, 0, 0, 0, 0, '', 'B'),
('2BU21CS071', '21CS32', 0, 0, 0, 0, 0, 0, 0, 0, '', 'B'),
('2BU21CS072', '21CS32', 0, 0, 0, 0, 0, 0, 0, 0, '', 'B'),
('2BU21CS073', '21CS32', 0, 0, 0, 0, 0, 0, 0, 0, '', 'B'),
('2BU21CS074', '21CS32', 0, 0, 0, 0, 0, 0, 0, 0, '', 'B'),
('2BU21CS075', '21CS32', 0, 0, 0, 0, 0, 0, 0, 0, '', 'B'),
('2BU21CS076', '21CS32', 0, 0, 0, 0, 0, 0, 0, 0, '', 'B'),
('2BU21CS078', '21CS32', 0, 0, 0, 0, 0, 0, 0, 0, '', 'B'),
('2BU21CS079', '21CS32', 0, 0, 0, 0, 0, 0, 0, 0, '', 'B'),
('2BU21CS080', '21CS32', 0, 0, 0, 0, 0, 0, 0, 0, '', 'B'),
('2BU21CS081', '21CS32', 0, 0, 0, 0, 0, 0, 0, 0, '', 'B'),
('2BU21CS082', '21CS32', 0, 0, 0, 0, 0, 0, 0, 0, '', 'B'),
('2BU21CS083', '21CS32', 0, 0, 0, 0, 0, 0, 0, 0, '', 'B'),
('2BU21CS084', '21CS32', 0, 0, 0, 0, 0, 0, 0, 0, '', 'B'),
('2BU21CS085', '21CS32', 0, 0, 0, 0, 0, 0, 0, 0, '', 'B'),
('2BU21CS086', '21CS32', 0, 0, 0, 0, 0, 0, 0, 0, '', 'B'),
('2BU21CS087', '21CS32', 0, 0, 0, 0, 0, 0, 0, 0, '', 'B'),
('2BU21CS088', '21CS32', 0, 0, 0, 0, 0, 0, 0, 0, '', 'B'),
('2BU21CS089', '21CS32', 0, 0, 0, 0, 0, 0, 0, 0, '', 'B'),
('2BU21CS090', '21CS32', 0, 0, 0, 0, 0, 0, 0, 0, '', 'B'),
('2BU21CS091', '21CS32', 0, 0, 0, 0, 0, 0, 0, 0, '', 'B'),
('2BU21CS092', '21CS32', 0, 0, 0, 0, 0, 0, 0, 0, '', 'B'),
('2BU21CS093', '21CS32', 0, 0, 0, 0, 0, 0, 0, 0, '', 'B'),
('2BU21CS094', '21CS32', 0, 0, 0, 0, 0, 0, 0, 0, '', 'B'),
('2BU21CS095', '21CS32', 0, 0, 0, 0, 0, 0, 0, 0, '', 'B'),
('2BU21CS096', '21CS32', 0, 0, 0, 0, 0, 0, 0, 0, '', 'B'),
('2BU21CS097', '21CS32', 0, 0, 0, 0, 0, 0, 0, 0, '', 'B'),
('2BU21CS098', '21CS32', 0, 0, 0, 0, 0, 0, 0, 0, '', 'B'),
('2BU21CS099', '21CS32', 0, 0, 0, 0, 0, 0, 0, 0, '', 'B'),
('2BU21CS100', '21CS32', 0, 0, 0, 0, 0, 0, 0, 0, '', 'B'),
('2BU21CS101', '21CS32', 0, 0, 0, 0, 0, 0, 0, 0, '', 'B'),
('2BU21CS102', '21CS32', 0, 0, 0, 0, 0, 0, 0, 0, '', 'B'),
('2BU21CS103', '21CS32', 0, 0, 0, 0, 0, 0, 0, 0, '', 'B'),
('2BU21CS104', '21CS32', 0, 0, 0, 0, 0, 0, 0, 0, '', 'B'),
('2BU21CS105', '21CS32', 0, 0, 0, 0, 0, 0, 0, 0, '', 'B'),
('2BU21CS106', '21CS32', 0, 0, 0, 0, 0, 0, 0, 0, '', 'B'),
('2BU21CS107', '21CS32', 0, 0, 0, 0, 0, 0, 0, 0, '', 'B'),
('2BU21CS108', '21CS32', 0, 0, 0, 0, 0, 0, 0, 0, '', 'B'),
('2BU21CS109', '21CS32', 0, 0, 0, 0, 0, 0, 0, 0, '', 'B'),
('2BU21CS110', '21CS32', 0, 0, 0, 0, 0, 0, 0, 0, '', 'B'),
('2BU21CS111', '21CS32', 0, 0, 0, 0, 0, 0, 0, 0, '', 'B'),
('2BU21CS112', '21CS32', 0, 0, 0, 0, 0, 0, 0, 0, '', 'B'),
('2BU21CS113', '21CS32', 0, 0, 0, 0, 0, 0, 0, 0, '', 'B'),
('2BU21CS114', '21CS32', 0, 0, 0, 0, 0, 0, 0, 0, '', 'B'),
('2BU21CS115', '21CS32', 0, 0, 0, 0, 0, 0, 0, 0, '', 'B'),
('2BU21CS116', '21CS32', 0, 0, 0, 0, 0, 0, 0, 0, '', 'B'),
('2BU21CS117', '21CS32', 0, 0, 0, 0, 0, 0, 0, 0, '', 'B'),
('2BU21CS118', '21CS32', 0, 0, 0, 0, 0, 0, 0, 0, '', 'B'),
('2BU21CS119', '21CS32', 0, 0, 0, 0, 0, 0, 0, 0, '', 'B'),
('2BU21CS120', '21CS32', 0, 0, 0, 0, 0, 0, 0, 0, '', 'B'),
('2BU21CS121', '21CS32', 0, 0, 0, 0, 0, 0, 0, 0, '', 'B'),
('2BU21CS122', '21CS32', 0, 0, 0, 0, 0, 0, 0, 0, '', 'B'),
('2BU21CS123', '21CS32', 0, 0, 0, 0, 0, 0, 0, 0, '', 'B'),
('2BU21CS124', '21CS32', 0, 0, 0, 0, 0, 0, 0, 0, '', 'B'),
('2BU21CS125', '21CS32', 0, 0, 0, 0, 0, 0, 0, 0, '', 'B'),
('2BU21CS126', '21CS32', 0, 0, 0, 0, 0, 0, 0, 0, '', 'B'),
('2BU22CS406', '21CS32', 0, 0, 0, 0, 0, 0, 0, 0, '', 'B'),
('2BU22CS407', '21CS32', 0, 0, 0, 0, 0, 0, 0, 0, '', 'B'),
('2BU22CS408', '21CS32', 0, 0, 0, 0, 0, 0, 0, 0, '', 'B'),
('2BU22CS409', '21CS32', 0, 0, 0, 0, 0, 0, 0, 0, '', 'B'),
('2BU22CS410', '21CS32', 0, 0, 0, 0, 0, 0, 0, 0, '', 'B'),
('2BU22CS411', '21CS32', 0, 0, 0, 0, 0, 0, 0, 0, '', 'B'),
('2BU21CS127', '21CS32', 0, 0, 0, 0, 0, 0, 0, 0, '', 'C'),
('2BU21CS128', '21CS32', 0, 0, 0, 0, 0, 0, 0, 0, '', 'C'),
('2BU21CS129', '21CS32', 0, 0, 0, 0, 0, 0, 0, 0, '', 'C'),
('2BU21CS130', '21CS32', 0, 0, 0, 0, 0, 0, 0, 0, '', 'C'),
('2BU21CS131', '21CS32', 0, 0, 0, 0, 0, 0, 0, 0, '', 'C'),
('2BU21CS132', '21CS32', 0, 0, 0, 0, 0, 0, 0, 0, '', 'C'),
('2BU21CS133', '21CS32', 0, 0, 0, 0, 0, 0, 0, 0, '', 'C'),
('2BU21CS134', '21CS32', 0, 0, 0, 0, 0, 0, 0, 0, '', 'C'),
('2BU21CS135', '21CS32', 0, 0, 0, 0, 0, 0, 0, 0, '', 'C'),
('2BU21CS136', '21CS32', 0, 0, 0, 0, 0, 0, 0, 0, '', 'C'),
('2BU21CS137', '21CS32', 0, 0, 0, 0, 0, 0, 0, 0, '', 'C'),
('2BU21CS138', '21CS32', 0, 0, 0, 0, 0, 0, 0, 0, '', 'C'),
('2BU21CS139', '21CS32', 0, 0, 0, 0, 0, 0, 0, 0, '', 'C'),
('2BU21CS140', '21CS32', 0, 0, 0, 0, 0, 0, 0, 0, '', 'C'),
('2BU21CS141', '21CS32', 0, 0, 0, 0, 0, 0, 0, 0, '', 'C'),
('2BU21CS142', '21CS32', 0, 0, 0, 0, 0, 0, 0, 0, '', 'C'),
('2BU21CS143', '21CS32', 0, 0, 0, 0, 0, 0, 0, 0, '', 'C'),
('2BU21CS144', '21CS32', 0, 0, 0, 0, 0, 0, 0, 0, '', 'C'),
('2BU21CS145', '21CS32', 0, 0, 0, 0, 0, 0, 0, 0, '', 'C'),
('2BU21CS146', '21CS32', 0, 0, 0, 0, 0, 0, 0, 0, '', 'C'),
('2BU21CS147', '21CS32', 0, 0, 0, 0, 0, 0, 0, 0, '', 'C'),
('2BU21CS148', '21CS32', 0, 0, 0, 0, 0, 0, 0, 0, '', 'C'),
('2BU21CS149', '21CS32', 0, 0, 0, 0, 0, 0, 0, 0, '', 'C'),
('2BU21CS150', '21CS32', 0, 0, 0, 0, 0, 0, 0, 0, '', 'C'),
('2BU21CS151', '21CS32', 0, 0, 0, 0, 0, 0, 0, 0, '', 'C'),
('2BU21CS152', '21CS32', 0, 0, 0, 0, 0, 0, 0, 0, '', 'C'),
('2BU21CS153', '21CS32', 0, 0, 0, 0, 0, 0, 0, 0, '', 'C'),
('2BU21CS154', '21CS32', 0, 0, 0, 0, 0, 0, 0, 0, '', 'C'),
('2BU21CS155', '21CS32', 0, 0, 0, 0, 0, 0, 0, 0, '', 'C'),
('2BU21CS156', '21CS32', 0, 0, 0, 0, 0, 0, 0, 0, '', 'C'),
('2BU21CS157', '21CS32', 0, 0, 0, 0, 0, 0, 0, 0, '', 'C'),
('2BU21CS158', '21CS32', 0, 0, 0, 0, 0, 0, 0, 0, '', 'C'),
('2BU21CS159', '21CS32', 0, 0, 0, 0, 0, 0, 0, 0, '', 'C'),
('2BU21CS160', '21CS32', 0, 0, 0, 0, 0, 0, 0, 0, '', 'C'),
('2BU21CS161', '21CS32', 0, 0, 0, 0, 0, 0, 0, 0, '', 'C'),
('2BU21CS162', '21CS32', 0, 0, 0, 0, 0, 0, 0, 0, '', 'C'),
('2BU21CS163', '21CS32', 0, 0, 0, 0, 0, 0, 0, 0, '', 'C'),
('2BU21CS164', '21CS32', 0, 0, 0, 0, 0, 0, 0, 0, '', 'C'),
('2BU21CS165', '21CS32', 0, 0, 0, 0, 0, 0, 0, 0, '', 'C'),
('2BU21CS166', '21CS32', 0, 0, 0, 0, 0, 0, 0, 0, '', 'C'),
('2BU21CS167', '21CS32', 0, 0, 0, 0, 0, 0, 0, 0, '', 'C'),
('2BU21CS168', '21CS32', 0, 0, 0, 0, 0, 0, 0, 0, '', 'C'),
('2BU21CS169', '21CS32', 0, 0, 0, 0, 0, 0, 0, 0, '', 'C'),
('2BU21CS170', '21CS32', 0, 0, 0, 0, 0, 0, 0, 0, '', 'C'),
('2BU21CS171', '21CS32', 0, 0, 0, 0, 0, 0, 0, 0, '', 'C'),
('2BU21CS172', '21CS32', 0, 0, 0, 0, 0, 0, 0, 0, '', 'C'),
('2BU21CS173', '21CS32', 0, 0, 0, 0, 0, 0, 0, 0, '', 'C'),
('2BU21CS174', '21CS32', 0, 0, 0, 0, 0, 0, 0, 0, '', 'C'),
('2BU21CS175', '21CS32', 0, 0, 0, 0, 0, 0, 0, 0, '', 'C'),
('2BU21CS176', '21CS32', 0, 0, 0, 0, 0, 0, 0, 0, '', 'C'),
('2BU21CS177', '21CS32', 0, 0, 0, 0, 0, 0, 0, 0, '', 'C'),
('2BU21CS178', '21CS32', 0, 0, 0, 0, 0, 0, 0, 0, '', 'C'),
('2BU21CS179', '21CS32', 0, 0, 0, 0, 0, 0, 0, 0, '', 'C'),
('2BU21CS180', '21CS32', 0, 0, 0, 0, 0, 0, 0, 0, '', 'C'),
('2BU21CS181', '21CS32', 0, 0, 0, 0, 0, 0, 0, 0, '', 'C'),
('2BU21CS182', '21CS32', 0, 0, 0, 0, 0, 0, 0, 0, '', 'C'),
('2BU21CS183', '21CS32', 0, 0, 0, 0, 0, 0, 0, 0, '', 'C'),
('2BU21CS184', '21CS32', 0, 0, 0, 0, 0, 0, 0, 0, '', 'C'),
('2BU21CS185', '21CS32', 0, 0, 0, 0, 0, 0, 0, 0, '', 'C'),
('2BU21CS186', '21CS32', 0, 0, 0, 0, 0, 0, 0, 0, '', 'C'),
('2BU21CS187', '21CS32', 0, 0, 0, 0, 0, 0, 0, 0, '', 'C'),
('2BU21CS188', '21CS32', 0, 0, 0, 0, 0, 0, 0, 0, '', 'C'),
('2BU22CS412', '21CS32', 0, 0, 0, 0, 0, 0, 0, 0, '', 'C'),
('2BU22CS413', '21CS32', 0, 0, 0, 0, 0, 0, 0, 0, '', 'C'),
('2BU22CS414', '21CS32', 0, 0, 0, 0, 0, 0, 0, 0, '', 'C'),
('2BU22CS415', '21CS32', 0, 0, 0, 0, 0, 0, 0, 0, '', 'C'),
('2BU22CS416', '21CS32', 0, 0, 0, 0, 0, 0, 0, 0, '', 'C'),
('2BU22CS417', '21CS32', 0, 0, 0, 0, 0, 0, 0, 0, '', 'C'),
('2BU21CS001', '21CS32', 0, 0, 0, 0, 0, 0, 0, 0, '', 'A'),
('2BU21CS002', '21CS32', 0, 0, 0, 0, 0, 0, 0, 0, '', 'A'),
('2BU21CS003', '21CS32', 0, 0, 0, 0, 0, 0, 0, 0, '', 'A'),
('2BU21CS004', '21CS32', 0, 0, 0, 0, 0, 0, 0, 0, '', 'A'),
('2BU21CS005', '21CS32', 0, 0, 0, 0, 0, 0, 0, 0, '', 'A'),
('2BU21CS006', '21CS32', 0, 0, 0, 0, 0, 0, 0, 0, '', 'A'),
('2BU21CS007', '21CS32', 0, 0, 0, 0, 0, 0, 0, 0, '', 'A'),
('2BU21CS008', '21CS32', 0, 0, 0, 0, 0, 0, 0, 0, '', 'A'),
('2BU21CS009', '21CS32', 0, 0, 0, 0, 0, 0, 0, 0, '', 'A'),
('2BU21CS010', '21CS32', 0, 0, 0, 0, 0, 0, 0, 0, '', 'A'),
('2BU21CS011', '21CS32', 0, 0, 0, 0, 0, 0, 0, 0, '', 'A'),
('2BU21CS012', '21CS32', 0, 0, 0, 0, 0, 0, 0, 0, '', 'A'),
('2BU21CS013', '21CS32', 0, 0, 0, 0, 0, 0, 0, 0, '', 'A'),
('2BU21CS014', '21CS32', 0, 0, 0, 0, 0, 0, 0, 0, '', 'A'),
('2BU21CS015', '21CS32', 0, 0, 0, 0, 0, 0, 0, 0, '', 'A'),
('2BU21CS016', '21CS32', 0, 0, 0, 0, 0, 0, 0, 0, '', 'A'),
('2BU21CS017', '21CS32', 0, 0, 0, 0, 0, 0, 0, 0, '', 'A'),
('2BU21CS018', '21CS32', 0, 0, 0, 0, 0, 0, 0, 0, '', 'A'),
('2BU21CS019', '21CS32', 0, 0, 0, 0, 0, 0, 0, 0, '', 'A'),
('2BU21CS020', '21CS32', 0, 0, 0, 0, 0, 0, 0, 0, '', 'A'),
('2BU21CS021', '21CS32', 0, 0, 0, 0, 0, 0, 0, 0, '', 'A'),
('2BU21CS022', '21CS32', 0, 0, 0, 0, 0, 0, 0, 0, '', 'A'),
('2BU21CS023', '21CS32', 0, 0, 0, 0, 0, 0, 0, 0, '', 'A'),
('2BU21CS024', '21CS32', 0, 0, 0, 0, 0, 0, 0, 0, '', 'A'),
('2BU21CS025', '21CS32', 0, 0, 0, 0, 0, 0, 0, 0, '', 'A'),
('2BU21CS026', '21CS32', 0, 0, 0, 0, 0, 0, 0, 0, '', 'A'),
('2BU21CS027', '21CS32', 0, 0, 0, 0, 0, 0, 0, 0, '', 'A'),
('2BU21CS028', '21CS32', 0, 0, 0, 0, 0, 0, 0, 0, '', 'A'),
('2BU21CS029', '21CS32', 0, 0, 0, 0, 0, 0, 0, 0, '', 'A'),
('2BU21CS030', '21CS32', 0, 0, 0, 0, 0, 0, 0, 0, '', 'A'),
('2BU21CS031', '21CS32', 0, 0, 0, 0, 0, 0, 0, 0, '', 'A'),
('2BU21CS032', '21CS32', 0, 0, 0, 0, 0, 0, 0, 0, '', 'A'),
('2BU21CS033', '21CS32', 0, 0, 0, 0, 0, 0, 0, 0, '', 'A'),
('2BU21CS034', '21CS32', 0, 0, 0, 0, 0, 0, 0, 0, '', 'A'),
('2BU21CS035', '21CS32', 0, 0, 0, 0, 0, 0, 0, 0, '', 'A'),
('2BU21CS036', '21CS32', 0, 0, 0, 0, 0, 0, 0, 0, '', 'A'),
('2BU21CS037', '21CS32', 0, 0, 0, 0, 0, 0, 0, 0, '', 'A'),
('2BU21CS038', '21CS32', 0, 0, 0, 0, 0, 0, 0, 0, '', 'A'),
('2BU21CS039', '21CS32', 0, 0, 0, 0, 0, 0, 0, 0, '', 'A'),
('2BU21CS040', '21CS32', 0, 0, 0, 0, 0, 0, 0, 0, '', 'A'),
('2BU21CS041', '21CS32', 0, 0, 0, 0, 0, 0, 0, 0, '', 'A'),
('2BU21CS042', '21CS32', 0, 0, 0, 0, 0, 0, 0, 0, '', 'A'),
('2BU21CS043', '21CS32', 0, 0, 0, 0, 0, 0, 0, 0, '', 'A'),
('2BU21CS044', '21CS32', 0, 0, 0, 0, 0, 0, 0, 0, '', 'A'),
('2BU21CS045', '21CS32', 0, 0, 0, 0, 0, 0, 0, 0, '', 'A'),
('2BU21CS046', '21CS32', 0, 0, 0, 0, 0, 0, 0, 0, '', 'A'),
('2BU21CS047', '21CS32', 0, 0, 0, 0, 0, 0, 0, 0, '', 'A'),
('2BU21CS048', '21CS32', 0, 0, 0, 0, 0, 0, 0, 0, '', 'A'),
('2BU21CS050', '21CS32', 0, 0, 0, 0, 0, 0, 0, 0, '', 'A'),
('2BU21CS051', '21CS32', 0, 0, 0, 0, 0, 0, 0, 0, '', 'A'),
('2BU21CS052', '21CS32', 0, 0, 0, 0, 0, 0, 0, 0, '', 'A'),
('2BU21CS053', '21CS32', 0, 0, 0, 0, 0, 0, 0, 0, '', 'A'),
('2BU21CS054', '21CS32', 0, 0, 0, 0, 0, 0, 0, 0, '', 'A'),
('2BU21CS055', '21CS32', 0, 0, 0, 0, 0, 0, 0, 0, '', 'A'),
('2BU21CS056', '21CS32', 0, 0, 0, 0, 0, 0, 0, 0, '', 'A'),
('2BU21CS057', '21CS32', 0, 0, 0, 0, 0, 0, 0, 0, '', 'A'),
('2BU21CS058', '21CS32', 0, 0, 0, 0, 0, 0, 0, 0, '', 'A'),
('2BU21CS059', '21CS32', 0, 0, 0, 0, 0, 0, 0, 0, '', 'A'),
('2BU21CS060', '21CS32', 0, 0, 0, 0, 0, 0, 0, 0, '', 'A'),
('2BU21CS061', '21CS32', 0, 0, 0, 0, 0, 0, 0, 0, '', 'A'),
('2BU21CS062', '21CS32', 0, 0, 0, 0, 0, 0, 0, 0, '', 'A'),
('2BU21CS063', '21CS32', 0, 0, 0, 0, 0, 0, 0, 0, '', 'A'),
('2BU22CS400', '21CS32', 0, 0, 0, 0, 0, 0, 0, 0, '', 'A'),
('2BU22CS401', '21CS32', 0, 0, 0, 0, 0, 0, 0, 0, '', 'A'),
('2BU22CS402', '21CS32', 0, 0, 0, 0, 0, 0, 0, 0, '', 'A'),
('2BU22CS403', '21CS32', 0, 0, 0, 0, 0, 0, 0, 0, '', 'A'),
('2BU22CS404', '21CS32', 0, 0, 0, 0, 0, 0, 0, 0, '', 'A'),
('2BU22CS405', '21CS32', 0, 0, 0, 0, 0, 0, 0, 0, '', 'A'),
('2BU21CS064', '21CS32', 0, 0, 0, 0, 0, 0, 0, 0, '', 'B'),
('2BU21CS065', '21CS32', 0, 0, 0, 0, 0, 0, 0, 0, '', 'B'),
('2BU21CS066', '21CS32', 0, 0, 0, 0, 0, 0, 0, 0, '', 'B'),
('2BU21CS067', '21CS32', 0, 0, 0, 0, 0, 0, 0, 0, '', 'B'),
('2BU21CS069', '21CS32', 0, 0, 0, 0, 0, 0, 0, 0, '', 'B'),
('2BU21CS070', '21CS32', 0, 0, 0, 0, 0, 0, 0, 0, '', 'B'),
('2BU21CS071', '21CS32', 0, 0, 0, 0, 0, 0, 0, 0, '', 'B'),
('2BU21CS072', '21CS32', 0, 0, 0, 0, 0, 0, 0, 0, '', 'B'),
('2BU21CS073', '21CS32', 0, 0, 0, 0, 0, 0, 0, 0, '', 'B'),
('2BU21CS074', '21CS32', 0, 0, 0, 0, 0, 0, 0, 0, '', 'B'),
('2BU21CS075', '21CS32', 0, 0, 0, 0, 0, 0, 0, 0, '', 'B'),
('2BU21CS076', '21CS32', 0, 0, 0, 0, 0, 0, 0, 0, '', 'B'),
('2BU21CS078', '21CS32', 0, 0, 0, 0, 0, 0, 0, 0, '', 'B'),
('2BU21CS079', '21CS32', 0, 0, 0, 0, 0, 0, 0, 0, '', 'B'),
('2BU21CS080', '21CS32', 0, 0, 0, 0, 0, 0, 0, 0, '', 'B'),
('2BU21CS081', '21CS32', 0, 0, 0, 0, 0, 0, 0, 0, '', 'B'),
('2BU21CS082', '21CS32', 0, 0, 0, 0, 0, 0, 0, 0, '', 'B'),
('2BU21CS083', '21CS32', 0, 0, 0, 0, 0, 0, 0, 0, '', 'B'),
('2BU21CS084', '21CS32', 0, 0, 0, 0, 0, 0, 0, 0, '', 'B'),
('2BU21CS085', '21CS32', 0, 0, 0, 0, 0, 0, 0, 0, '', 'B'),
('2BU21CS086', '21CS32', 0, 0, 0, 0, 0, 0, 0, 0, '', 'B'),
('2BU21CS087', '21CS32', 0, 0, 0, 0, 0, 0, 0, 0, '', 'B'),
('2BU21CS088', '21CS32', 0, 0, 0, 0, 0, 0, 0, 0, '', 'B'),
('2BU21CS089', '21CS32', 0, 0, 0, 0, 0, 0, 0, 0, '', 'B'),
('2BU21CS090', '21CS32', 0, 0, 0, 0, 0, 0, 0, 0, '', 'B'),
('2BU21CS091', '21CS32', 0, 0, 0, 0, 0, 0, 0, 0, '', 'B'),
('2BU21CS092', '21CS32', 0, 0, 0, 0, 0, 0, 0, 0, '', 'B'),
('2BU21CS093', '21CS32', 0, 0, 0, 0, 0, 0, 0, 0, '', 'B'),
('2BU21CS094', '21CS32', 0, 0, 0, 0, 0, 0, 0, 0, '', 'B'),
('2BU21CS095', '21CS32', 0, 0, 0, 0, 0, 0, 0, 0, '', 'B'),
('2BU21CS096', '21CS32', 0, 0, 0, 0, 0, 0, 0, 0, '', 'B'),
('2BU21CS097', '21CS32', 0, 0, 0, 0, 0, 0, 0, 0, '', 'B'),
('2BU21CS098', '21CS32', 0, 0, 0, 0, 0, 0, 0, 0, '', 'B'),
('2BU21CS099', '21CS32', 0, 0, 0, 0, 0, 0, 0, 0, '', 'B'),
('2BU21CS100', '21CS32', 0, 0, 0, 0, 0, 0, 0, 0, '', 'B'),
('2BU21CS101', '21CS32', 0, 0, 0, 0, 0, 0, 0, 0, '', 'B'),
('2BU21CS102', '21CS32', 0, 0, 0, 0, 0, 0, 0, 0, '', 'B'),
('2BU21CS103', '21CS32', 0, 0, 0, 0, 0, 0, 0, 0, '', 'B'),
('2BU21CS104', '21CS32', 0, 0, 0, 0, 0, 0, 0, 0, '', 'B'),
('2BU21CS105', '21CS32', 0, 0, 0, 0, 0, 0, 0, 0, '', 'B'),
('2BU21CS106', '21CS32', 0, 0, 0, 0, 0, 0, 0, 0, '', 'B'),
('2BU21CS107', '21CS32', 0, 0, 0, 0, 0, 0, 0, 0, '', 'B'),
('2BU21CS108', '21CS32', 0, 0, 0, 0, 0, 0, 0, 0, '', 'B'),
('2BU21CS109', '21CS32', 0, 0, 0, 0, 0, 0, 0, 0, '', 'B'),
('2BU21CS110', '21CS32', 0, 0, 0, 0, 0, 0, 0, 0, '', 'B'),
('2BU21CS111', '21CS32', 0, 0, 0, 0, 0, 0, 0, 0, '', 'B'),
('2BU21CS112', '21CS32', 0, 0, 0, 0, 0, 0, 0, 0, '', 'B'),
('2BU21CS113', '21CS32', 0, 0, 0, 0, 0, 0, 0, 0, '', 'B'),
('2BU21CS114', '21CS32', 0, 0, 0, 0, 0, 0, 0, 0, '', 'B'),
('2BU21CS115', '21CS32', 0, 0, 0, 0, 0, 0, 0, 0, '', 'B'),
('2BU21CS116', '21CS32', 0, 0, 0, 0, 0, 0, 0, 0, '', 'B'),
('2BU21CS117', '21CS32', 0, 0, 0, 0, 0, 0, 0, 0, '', 'B'),
('2BU21CS118', '21CS32', 0, 0, 0, 0, 0, 0, 0, 0, '', 'B'),
('2BU21CS119', '21CS32', 0, 0, 0, 0, 0, 0, 0, 0, '', 'B'),
('2BU21CS120', '21CS32', 0, 0, 0, 0, 0, 0, 0, 0, '', 'B'),
('2BU21CS121', '21CS32', 0, 0, 0, 0, 0, 0, 0, 0, '', 'B'),
('2BU21CS122', '21CS32', 0, 0, 0, 0, 0, 0, 0, 0, '', 'B'),
('2BU21CS123', '21CS32', 0, 0, 0, 0, 0, 0, 0, 0, '', 'B'),
('2BU21CS124', '21CS32', 0, 0, 0, 0, 0, 0, 0, 0, '', 'B'),
('2BU21CS125', '21CS32', 0, 0, 0, 0, 0, 0, 0, 0, '', 'B'),
('2BU21CS126', '21CS32', 0, 0, 0, 0, 0, 0, 0, 0, '', 'B'),
('2BU22CS406', '21CS32', 0, 0, 0, 0, 0, 0, 0, 0, '', 'B'),
('2BU22CS407', '21CS32', 0, 0, 0, 0, 0, 0, 0, 0, '', 'B'),
('2BU22CS408', '21CS32', 0, 0, 0, 0, 0, 0, 0, 0, '', 'B'),
('2BU22CS409', '21CS32', 0, 0, 0, 0, 0, 0, 0, 0, '', 'B'),
('2BU22CS410', '21CS32', 0, 0, 0, 0, 0, 0, 0, 0, '', 'B'),
('2BU22CS411', '21CS32', 0, 0, 0, 0, 0, 0, 0, 0, '', 'B'),
('2BU21CS127', '21CS32', 0, 0, 0, 0, 0, 0, 0, 0, '', 'C'),
('2BU21CS128', '21CS32', 0, 0, 0, 0, 0, 0, 0, 0, '', 'C'),
('2BU21CS129', '21CS32', 0, 0, 0, 0, 0, 0, 0, 0, '', 'C'),
('2BU21CS130', '21CS32', 0, 0, 0, 0, 0, 0, 0, 0, '', 'C'),
('2BU21CS131', '21CS32', 0, 0, 0, 0, 0, 0, 0, 0, '', 'C'),
('2BU21CS132', '21CS32', 0, 0, 0, 0, 0, 0, 0, 0, '', 'C'),
('2BU21CS133', '21CS32', 0, 0, 0, 0, 0, 0, 0, 0, '', 'C'),
('2BU21CS134', '21CS32', 0, 0, 0, 0, 0, 0, 0, 0, '', 'C'),
('2BU21CS135', '21CS32', 0, 0, 0, 0, 0, 0, 0, 0, '', 'C'),
('2BU21CS136', '21CS32', 0, 0, 0, 0, 0, 0, 0, 0, '', 'C'),
('2BU21CS137', '21CS32', 0, 0, 0, 0, 0, 0, 0, 0, '', 'C'),
('2BU21CS138', '21CS32', 0, 0, 0, 0, 0, 0, 0, 0, '', 'C'),
('2BU21CS139', '21CS32', 0, 0, 0, 0, 0, 0, 0, 0, '', 'C'),
('2BU21CS140', '21CS32', 0, 0, 0, 0, 0, 0, 0, 0, '', 'C'),
('2BU21CS141', '21CS32', 0, 0, 0, 0, 0, 0, 0, 0, '', 'C'),
('2BU21CS142', '21CS32', 0, 0, 0, 0, 0, 0, 0, 0, '', 'C'),
('2BU21CS143', '21CS32', 0, 0, 0, 0, 0, 0, 0, 0, '', 'C'),
('2BU21CS144', '21CS32', 0, 0, 0, 0, 0, 0, 0, 0, '', 'C'),
('2BU21CS145', '21CS32', 0, 0, 0, 0, 0, 0, 0, 0, '', 'C'),
('2BU21CS146', '21CS32', 0, 0, 0, 0, 0, 0, 0, 0, '', 'C'),
('2BU21CS147', '21CS32', 0, 0, 0, 0, 0, 0, 0, 0, '', 'C'),
('2BU21CS148', '21CS32', 0, 0, 0, 0, 0, 0, 0, 0, '', 'C'),
('2BU21CS149', '21CS32', 0, 0, 0, 0, 0, 0, 0, 0, '', 'C'),
('2BU21CS150', '21CS32', 0, 0, 0, 0, 0, 0, 0, 0, '', 'C'),
('2BU21CS151', '21CS32', 0, 0, 0, 0, 0, 0, 0, 0, '', 'C'),
('2BU21CS152', '21CS32', 0, 0, 0, 0, 0, 0, 0, 0, '', 'C'),
('2BU21CS153', '21CS32', 0, 0, 0, 0, 0, 0, 0, 0, '', 'C'),
('2BU21CS154', '21CS32', 0, 0, 0, 0, 0, 0, 0, 0, '', 'C'),
('2BU21CS155', '21CS32', 0, 0, 0, 0, 0, 0, 0, 0, '', 'C'),
('2BU21CS156', '21CS32', 0, 0, 0, 0, 0, 0, 0, 0, '', 'C'),
('2BU21CS157', '21CS32', 0, 0, 0, 0, 0, 0, 0, 0, '', 'C'),
('2BU21CS158', '21CS32', 0, 0, 0, 0, 0, 0, 0, 0, '', 'C'),
('2BU21CS159', '21CS32', 0, 0, 0, 0, 0, 0, 0, 0, '', 'C'),
('2BU21CS160', '21CS32', 0, 0, 0, 0, 0, 0, 0, 0, '', 'C'),
('2BU21CS161', '21CS32', 0, 0, 0, 0, 0, 0, 0, 0, '', 'C'),
('2BU21CS162', '21CS32', 0, 0, 0, 0, 0, 0, 0, 0, '', 'C'),
('2BU21CS163', '21CS32', 0, 0, 0, 0, 0, 0, 0, 0, '', 'C'),
('2BU21CS164', '21CS32', 0, 0, 0, 0, 0, 0, 0, 0, '', 'C'),
('2BU21CS165', '21CS32', 0, 0, 0, 0, 0, 0, 0, 0, '', 'C'),
('2BU21CS166', '21CS32', 0, 0, 0, 0, 0, 0, 0, 0, '', 'C'),
('2BU21CS167', '21CS32', 0, 0, 0, 0, 0, 0, 0, 0, '', 'C'),
('2BU21CS168', '21CS32', 0, 0, 0, 0, 0, 0, 0, 0, '', 'C'),
('2BU21CS169', '21CS32', 0, 0, 0, 0, 0, 0, 0, 0, '', 'C'),
('2BU21CS170', '21CS32', 0, 0, 0, 0, 0, 0, 0, 0, '', 'C'),
('2BU21CS171', '21CS32', 0, 0, 0, 0, 0, 0, 0, 0, '', 'C'),
('2BU21CS172', '21CS32', 0, 0, 0, 0, 0, 0, 0, 0, '', 'C'),
('2BU21CS173', '21CS32', 0, 0, 0, 0, 0, 0, 0, 0, '', 'C'),
('2BU21CS174', '21CS32', 0, 0, 0, 0, 0, 0, 0, 0, '', 'C'),
('2BU21CS175', '21CS32', 0, 0, 0, 0, 0, 0, 0, 0, '', 'C'),
('2BU21CS176', '21CS32', 0, 0, 0, 0, 0, 0, 0, 0, '', 'C'),
('2BU21CS177', '21CS32', 0, 0, 0, 0, 0, 0, 0, 0, '', 'C'),
('2BU21CS178', '21CS32', 0, 0, 0, 0, 0, 0, 0, 0, '', 'C'),
('2BU21CS179', '21CS32', 0, 0, 0, 0, 0, 0, 0, 0, '', 'C'),
('2BU21CS180', '21CS32', 0, 0, 0, 0, 0, 0, 0, 0, '', 'C'),
('2BU21CS181', '21CS32', 0, 0, 0, 0, 0, 0, 0, 0, '', 'C'),
('2BU21CS182', '21CS32', 0, 0, 0, 0, 0, 0, 0, 0, '', 'C'),
('2BU21CS183', '21CS32', 0, 0, 0, 0, 0, 0, 0, 0, '', 'C'),
('2BU21CS184', '21CS32', 0, 0, 0, 0, 0, 0, 0, 0, '', 'C'),
('2BU21CS185', '21CS32', 0, 0, 0, 0, 0, 0, 0, 0, '', 'C'),
('2BU21CS186', '21CS32', 0, 0, 0, 0, 0, 0, 0, 0, '', 'C'),
('2BU21CS187', '21CS32', 0, 0, 0, 0, 0, 0, 0, 0, '', 'C'),
('2BU21CS188', '21CS32', 0, 0, 0, 0, 0, 0, 0, 0, '', 'C'),
('2BU22CS412', '21CS32', 0, 0, 0, 0, 0, 0, 0, 0, '', 'C'),
('2BU22CS413', '21CS32', 0, 0, 0, 0, 0, 0, 0, 0, '', 'C'),
('2BU22CS414', '21CS32', 0, 0, 0, 0, 0, 0, 0, 0, '', 'C'),
('2BU22CS415', '21CS32', 0, 0, 0, 0, 0, 0, 0, 0, '', 'C'),
('2BU22CS416', '21CS32', 0, 0, 0, 0, 0, 0, 0, 0, '', 'C'),
('2BU22CS417', '21CS32', 0, 0, 0, 0, 0, 0, 0, 0, '', 'C'),
('2BU21CS001', '21CS33', 0, 0, 0, 0, 0, 0, 0, 0, '', 'A'),
('2BU21CS002', '21CS33', 0, 0, 0, 0, 0, 0, 0, 0, '', 'A'),
('2BU21CS003', '21CS33', 0, 0, 0, 0, 0, 0, 0, 0, '', 'A'),
('2BU21CS004', '21CS33', 0, 0, 0, 0, 0, 0, 0, 0, '', 'A'),
('2BU21CS005', '21CS33', 0, 0, 0, 0, 0, 0, 0, 0, '', 'A'),
('2BU21CS006', '21CS33', 0, 0, 0, 0, 0, 0, 0, 0, '', 'A'),
('2BU21CS007', '21CS33', 0, 0, 0, 0, 0, 0, 0, 0, '', 'A'),
('2BU21CS008', '21CS33', 0, 0, 0, 0, 0, 0, 0, 0, '', 'A'),
('2BU21CS009', '21CS33', 0, 0, 0, 0, 0, 0, 0, 0, '', 'A'),
('2BU21CS010', '21CS33', 0, 0, 0, 0, 0, 0, 0, 0, '', 'A'),
('2BU21CS011', '21CS33', 0, 0, 0, 0, 0, 0, 0, 0, '', 'A'),
('2BU21CS012', '21CS33', 0, 0, 0, 0, 0, 0, 0, 0, '', 'A'),
('2BU21CS013', '21CS33', 0, 0, 0, 0, 0, 0, 0, 0, '', 'A'),
('2BU21CS014', '21CS33', 0, 0, 0, 0, 0, 0, 0, 0, '', 'A'),
('2BU21CS015', '21CS33', 0, 0, 0, 0, 0, 0, 0, 0, '', 'A'),
('2BU21CS016', '21CS33', 0, 0, 0, 0, 0, 0, 0, 0, '', 'A'),
('2BU21CS017', '21CS33', 0, 0, 0, 0, 0, 0, 0, 0, '', 'A'),
('2BU21CS018', '21CS33', 0, 0, 0, 0, 0, 0, 0, 0, '', 'A'),
('2BU21CS019', '21CS33', 0, 0, 0, 0, 0, 0, 0, 0, '', 'A'),
('2BU21CS020', '21CS33', 0, 0, 0, 0, 0, 0, 0, 0, '', 'A'),
('2BU21CS021', '21CS33', 0, 0, 0, 0, 0, 0, 0, 0, '', 'A'),
('2BU21CS022', '21CS33', 0, 0, 0, 0, 0, 0, 0, 0, '', 'A'),
('2BU21CS023', '21CS33', 0, 0, 0, 0, 0, 0, 0, 0, '', 'A'),
('2BU21CS024', '21CS33', 0, 0, 0, 0, 0, 0, 0, 0, '', 'A'),
('2BU21CS025', '21CS33', 0, 0, 0, 0, 0, 0, 0, 0, '', 'A'),
('2BU21CS026', '21CS33', 0, 0, 0, 0, 0, 0, 0, 0, '', 'A'),
('2BU21CS027', '21CS33', 0, 0, 0, 0, 0, 0, 0, 0, '', 'A'),
('2BU21CS028', '21CS33', 0, 0, 0, 0, 0, 0, 0, 0, '', 'A'),
('2BU21CS029', '21CS33', 0, 0, 0, 0, 0, 0, 0, 0, '', 'A'),
('2BU21CS030', '21CS33', 0, 0, 0, 0, 0, 0, 0, 0, '', 'A'),
('2BU21CS031', '21CS33', 0, 0, 0, 0, 0, 0, 0, 0, '', 'A'),
('2BU21CS032', '21CS33', 0, 0, 0, 0, 0, 0, 0, 0, '', 'A'),
('2BU21CS033', '21CS33', 0, 0, 0, 0, 0, 0, 0, 0, '', 'A'),
('2BU21CS034', '21CS33', 0, 0, 0, 0, 0, 0, 0, 0, '', 'A'),
('2BU21CS035', '21CS33', 0, 0, 0, 0, 0, 0, 0, 0, '', 'A'),
('2BU21CS036', '21CS33', 0, 0, 0, 0, 0, 0, 0, 0, '', 'A'),
('2BU21CS037', '21CS33', 0, 0, 0, 0, 0, 0, 0, 0, '', 'A'),
('2BU21CS038', '21CS33', 0, 0, 0, 0, 0, 0, 0, 0, '', 'A'),
('2BU21CS039', '21CS33', 0, 0, 0, 0, 0, 0, 0, 0, '', 'A'),
('2BU21CS040', '21CS33', 0, 0, 0, 0, 0, 0, 0, 0, '', 'A'),
('2BU21CS041', '21CS33', 0, 0, 0, 0, 0, 0, 0, 0, '', 'A'),
('2BU21CS042', '21CS33', 0, 0, 0, 0, 0, 0, 0, 0, '', 'A'),
('2BU21CS043', '21CS33', 0, 0, 0, 0, 0, 0, 0, 0, '', 'A'),
('2BU21CS044', '21CS33', 0, 0, 0, 0, 0, 0, 0, 0, '', 'A'),
('2BU21CS045', '21CS33', 0, 0, 0, 0, 0, 0, 0, 0, '', 'A'),
('2BU21CS046', '21CS33', 0, 0, 0, 0, 0, 0, 0, 0, '', 'A'),
('2BU21CS047', '21CS33', 0, 0, 0, 0, 0, 0, 0, 0, '', 'A'),
('2BU21CS048', '21CS33', 0, 0, 0, 0, 0, 0, 0, 0, '', 'A');
INSERT INTO `iascore` (`usn`, `scode`, `m1`, `m2`, `m3`, `avg1`, `ass1`, `ass2`, `gtotal`, `percAttendance`, `fname`, `division`) VALUES
('2BU21CS050', '21CS33', 0, 0, 0, 0, 0, 0, 0, 0, '', 'A'),
('2BU21CS051', '21CS33', 0, 0, 0, 0, 0, 0, 0, 0, '', 'A'),
('2BU21CS052', '21CS33', 0, 0, 0, 0, 0, 0, 0, 0, '', 'A'),
('2BU21CS053', '21CS33', 0, 0, 0, 0, 0, 0, 0, 0, '', 'A'),
('2BU21CS054', '21CS33', 0, 0, 0, 0, 0, 0, 0, 0, '', 'A'),
('2BU21CS055', '21CS33', 0, 0, 0, 0, 0, 0, 0, 0, '', 'A'),
('2BU21CS056', '21CS33', 0, 0, 0, 0, 0, 0, 0, 0, '', 'A'),
('2BU21CS057', '21CS33', 0, 0, 0, 0, 0, 0, 0, 0, '', 'A'),
('2BU21CS058', '21CS33', 0, 0, 0, 0, 0, 0, 0, 0, '', 'A'),
('2BU21CS059', '21CS33', 0, 0, 0, 0, 0, 0, 0, 0, '', 'A'),
('2BU21CS060', '21CS33', 0, 0, 0, 0, 0, 0, 0, 0, '', 'A'),
('2BU21CS061', '21CS33', 0, 0, 0, 0, 0, 0, 0, 0, '', 'A'),
('2BU21CS062', '21CS33', 0, 0, 0, 0, 0, 0, 0, 0, '', 'A'),
('2BU21CS063', '21CS33', 0, 0, 0, 0, 0, 0, 0, 0, '', 'A'),
('2BU22CS400', '21CS33', 0, 0, 0, 0, 0, 0, 0, 0, '', 'A'),
('2BU22CS401', '21CS33', 0, 0, 0, 0, 0, 0, 0, 0, '', 'A'),
('2BU22CS402', '21CS33', 0, 0, 0, 0, 0, 0, 0, 0, '', 'A'),
('2BU22CS403', '21CS33', 0, 0, 0, 0, 0, 0, 0, 0, '', 'A'),
('2BU22CS404', '21CS33', 0, 0, 0, 0, 0, 0, 0, 0, '', 'A'),
('2BU22CS405', '21CS33', 0, 0, 0, 0, 0, 0, 0, 0, '', 'A'),
('2BU21CS064', '21CS33', 0, 0, 0, 0, 0, 0, 0, 0, '', 'B'),
('2BU21CS065', '21CS33', 0, 0, 0, 0, 0, 0, 0, 0, '', 'B'),
('2BU21CS066', '21CS33', 0, 0, 0, 0, 0, 0, 0, 0, '', 'B'),
('2BU21CS067', '21CS33', 0, 0, 0, 0, 0, 0, 0, 0, '', 'B'),
('2BU21CS069', '21CS33', 0, 0, 0, 0, 0, 0, 0, 0, '', 'B'),
('2BU21CS070', '21CS33', 0, 0, 0, 0, 0, 0, 0, 0, '', 'B'),
('2BU21CS071', '21CS33', 0, 0, 0, 0, 0, 0, 0, 0, '', 'B'),
('2BU21CS072', '21CS33', 0, 0, 0, 0, 0, 0, 0, 0, '', 'B'),
('2BU21CS073', '21CS33', 0, 0, 0, 0, 0, 0, 0, 0, '', 'B'),
('2BU21CS074', '21CS33', 0, 0, 0, 0, 0, 0, 0, 0, '', 'B'),
('2BU21CS075', '21CS33', 0, 0, 0, 0, 0, 0, 0, 0, '', 'B'),
('2BU21CS076', '21CS33', 0, 0, 0, 0, 0, 0, 0, 0, '', 'B'),
('2BU21CS078', '21CS33', 0, 0, 0, 0, 0, 0, 0, 0, '', 'B'),
('2BU21CS079', '21CS33', 0, 0, 0, 0, 0, 0, 0, 0, '', 'B'),
('2BU21CS080', '21CS33', 0, 0, 0, 0, 0, 0, 0, 0, '', 'B'),
('2BU21CS081', '21CS33', 0, 0, 0, 0, 0, 0, 0, 0, '', 'B'),
('2BU21CS082', '21CS33', 0, 0, 0, 0, 0, 0, 0, 0, '', 'B'),
('2BU21CS083', '21CS33', 0, 0, 0, 0, 0, 0, 0, 0, '', 'B'),
('2BU21CS084', '21CS33', 0, 0, 0, 0, 0, 0, 0, 0, '', 'B'),
('2BU21CS085', '21CS33', 0, 0, 0, 0, 0, 0, 0, 0, '', 'B'),
('2BU21CS086', '21CS33', 0, 0, 0, 0, 0, 0, 0, 0, '', 'B'),
('2BU21CS087', '21CS33', 0, 0, 0, 0, 0, 0, 0, 0, '', 'B'),
('2BU21CS088', '21CS33', 0, 0, 0, 0, 0, 0, 0, 0, '', 'B'),
('2BU21CS089', '21CS33', 0, 0, 0, 0, 0, 0, 0, 0, '', 'B'),
('2BU21CS090', '21CS33', 0, 0, 0, 0, 0, 0, 0, 0, '', 'B'),
('2BU21CS091', '21CS33', 0, 0, 0, 0, 0, 0, 0, 0, '', 'B'),
('2BU21CS092', '21CS33', 0, 0, 0, 0, 0, 0, 0, 0, '', 'B'),
('2BU21CS093', '21CS33', 0, 0, 0, 0, 0, 0, 0, 0, '', 'B'),
('2BU21CS094', '21CS33', 0, 0, 0, 0, 0, 0, 0, 0, '', 'B'),
('2BU21CS095', '21CS33', 0, 0, 0, 0, 0, 0, 0, 0, '', 'B'),
('2BU21CS096', '21CS33', 0, 0, 0, 0, 0, 0, 0, 0, '', 'B'),
('2BU21CS097', '21CS33', 0, 0, 0, 0, 0, 0, 0, 0, '', 'B'),
('2BU21CS098', '21CS33', 0, 0, 0, 0, 0, 0, 0, 0, '', 'B'),
('2BU21CS099', '21CS33', 0, 0, 0, 0, 0, 0, 0, 0, '', 'B'),
('2BU21CS100', '21CS33', 0, 0, 0, 0, 0, 0, 0, 0, '', 'B'),
('2BU21CS101', '21CS33', 0, 0, 0, 0, 0, 0, 0, 0, '', 'B'),
('2BU21CS102', '21CS33', 0, 0, 0, 0, 0, 0, 0, 0, '', 'B'),
('2BU21CS103', '21CS33', 0, 0, 0, 0, 0, 0, 0, 0, '', 'B'),
('2BU21CS104', '21CS33', 0, 0, 0, 0, 0, 0, 0, 0, '', 'B'),
('2BU21CS105', '21CS33', 0, 0, 0, 0, 0, 0, 0, 0, '', 'B'),
('2BU21CS106', '21CS33', 0, 0, 0, 0, 0, 0, 0, 0, '', 'B'),
('2BU21CS107', '21CS33', 0, 0, 0, 0, 0, 0, 0, 0, '', 'B'),
('2BU21CS108', '21CS33', 0, 0, 0, 0, 0, 0, 0, 0, '', 'B'),
('2BU21CS109', '21CS33', 0, 0, 0, 0, 0, 0, 0, 0, '', 'B'),
('2BU21CS110', '21CS33', 0, 0, 0, 0, 0, 0, 0, 0, '', 'B'),
('2BU21CS111', '21CS33', 0, 0, 0, 0, 0, 0, 0, 0, '', 'B'),
('2BU21CS112', '21CS33', 0, 0, 0, 0, 0, 0, 0, 0, '', 'B'),
('2BU21CS113', '21CS33', 0, 0, 0, 0, 0, 0, 0, 0, '', 'B'),
('2BU21CS114', '21CS33', 0, 0, 0, 0, 0, 0, 0, 0, '', 'B'),
('2BU21CS115', '21CS33', 0, 0, 0, 0, 0, 0, 0, 0, '', 'B'),
('2BU21CS116', '21CS33', 0, 0, 0, 0, 0, 0, 0, 0, '', 'B'),
('2BU21CS117', '21CS33', 0, 0, 0, 0, 0, 0, 0, 0, '', 'B'),
('2BU21CS118', '21CS33', 0, 0, 0, 0, 0, 0, 0, 0, '', 'B'),
('2BU21CS119', '21CS33', 0, 0, 0, 0, 0, 0, 0, 0, '', 'B'),
('2BU21CS120', '21CS33', 0, 0, 0, 0, 0, 0, 0, 0, '', 'B'),
('2BU21CS121', '21CS33', 0, 0, 0, 0, 0, 0, 0, 0, '', 'B'),
('2BU21CS122', '21CS33', 0, 0, 0, 0, 0, 0, 0, 0, '', 'B'),
('2BU21CS123', '21CS33', 0, 0, 0, 0, 0, 0, 0, 0, '', 'B'),
('2BU21CS124', '21CS33', 0, 0, 0, 0, 0, 0, 0, 0, '', 'B'),
('2BU21CS125', '21CS33', 0, 0, 0, 0, 0, 0, 0, 0, '', 'B'),
('2BU21CS126', '21CS33', 0, 0, 0, 0, 0, 0, 0, 0, '', 'B'),
('2BU22CS406', '21CS33', 0, 0, 0, 0, 0, 0, 0, 0, '', 'B'),
('2BU22CS407', '21CS33', 0, 0, 0, 0, 0, 0, 0, 0, '', 'B'),
('2BU22CS408', '21CS33', 0, 0, 0, 0, 0, 0, 0, 0, '', 'B'),
('2BU22CS409', '21CS33', 0, 0, 0, 0, 0, 0, 0, 0, '', 'B'),
('2BU22CS410', '21CS33', 0, 0, 0, 0, 0, 0, 0, 0, '', 'B'),
('2BU22CS411', '21CS33', 0, 0, 0, 0, 0, 0, 0, 0, '', 'B'),
('2BU21CS127', '21CS33', 0, 0, 0, 0, 0, 0, 0, 0, '', 'C'),
('2BU21CS128', '21CS33', 0, 0, 0, 0, 0, 0, 0, 0, '', 'C'),
('2BU21CS129', '21CS33', 0, 0, 0, 0, 0, 0, 0, 0, '', 'C'),
('2BU21CS130', '21CS33', 0, 0, 0, 0, 0, 0, 0, 0, '', 'C'),
('2BU21CS131', '21CS33', 0, 0, 0, 0, 0, 0, 0, 0, '', 'C'),
('2BU21CS132', '21CS33', 0, 0, 0, 0, 0, 0, 0, 0, '', 'C'),
('2BU21CS133', '21CS33', 0, 0, 0, 0, 0, 0, 0, 0, '', 'C'),
('2BU21CS134', '21CS33', 0, 0, 0, 0, 0, 0, 0, 0, '', 'C'),
('2BU21CS135', '21CS33', 0, 0, 0, 0, 0, 0, 0, 0, '', 'C'),
('2BU21CS136', '21CS33', 0, 0, 0, 0, 0, 0, 0, 0, '', 'C'),
('2BU21CS137', '21CS33', 0, 0, 0, 0, 0, 0, 0, 0, '', 'C'),
('2BU21CS138', '21CS33', 0, 0, 0, 0, 0, 0, 0, 0, '', 'C'),
('2BU21CS139', '21CS33', 0, 0, 0, 0, 0, 0, 0, 0, '', 'C'),
('2BU21CS140', '21CS33', 0, 0, 0, 0, 0, 0, 0, 0, '', 'C'),
('2BU21CS141', '21CS33', 0, 0, 0, 0, 0, 0, 0, 0, '', 'C'),
('2BU21CS142', '21CS33', 0, 0, 0, 0, 0, 0, 0, 0, '', 'C'),
('2BU21CS143', '21CS33', 0, 0, 0, 0, 0, 0, 0, 0, '', 'C'),
('2BU21CS144', '21CS33', 0, 0, 0, 0, 0, 0, 0, 0, '', 'C'),
('2BU21CS145', '21CS33', 0, 0, 0, 0, 0, 0, 0, 0, '', 'C'),
('2BU21CS146', '21CS33', 0, 0, 0, 0, 0, 0, 0, 0, '', 'C'),
('2BU21CS147', '21CS33', 0, 0, 0, 0, 0, 0, 0, 0, '', 'C'),
('2BU21CS148', '21CS33', 0, 0, 0, 0, 0, 0, 0, 0, '', 'C'),
('2BU21CS149', '21CS33', 0, 0, 0, 0, 0, 0, 0, 0, '', 'C'),
('2BU21CS150', '21CS33', 0, 0, 0, 0, 0, 0, 0, 0, '', 'C'),
('2BU21CS151', '21CS33', 0, 0, 0, 0, 0, 0, 0, 0, '', 'C'),
('2BU21CS152', '21CS33', 0, 0, 0, 0, 0, 0, 0, 0, '', 'C'),
('2BU21CS153', '21CS33', 0, 0, 0, 0, 0, 0, 0, 0, '', 'C'),
('2BU21CS154', '21CS33', 0, 0, 0, 0, 0, 0, 0, 0, '', 'C'),
('2BU21CS155', '21CS33', 0, 0, 0, 0, 0, 0, 0, 0, '', 'C'),
('2BU21CS156', '21CS33', 0, 0, 0, 0, 0, 0, 0, 0, '', 'C'),
('2BU21CS157', '21CS33', 0, 0, 0, 0, 0, 0, 0, 0, '', 'C'),
('2BU21CS158', '21CS33', 0, 0, 0, 0, 0, 0, 0, 0, '', 'C'),
('2BU21CS159', '21CS33', 0, 0, 0, 0, 0, 0, 0, 0, '', 'C'),
('2BU21CS160', '21CS33', 0, 0, 0, 0, 0, 0, 0, 0, '', 'C'),
('2BU21CS161', '21CS33', 0, 0, 0, 0, 0, 0, 0, 0, '', 'C'),
('2BU21CS162', '21CS33', 0, 0, 0, 0, 0, 0, 0, 0, '', 'C'),
('2BU21CS163', '21CS33', 0, 0, 0, 0, 0, 0, 0, 0, '', 'C'),
('2BU21CS164', '21CS33', 0, 0, 0, 0, 0, 0, 0, 0, '', 'C'),
('2BU21CS165', '21CS33', 0, 0, 0, 0, 0, 0, 0, 0, '', 'C'),
('2BU21CS166', '21CS33', 0, 0, 0, 0, 0, 0, 0, 0, '', 'C'),
('2BU21CS167', '21CS33', 0, 0, 0, 0, 0, 0, 0, 0, '', 'C'),
('2BU21CS168', '21CS33', 0, 0, 0, 0, 0, 0, 0, 0, '', 'C'),
('2BU21CS169', '21CS33', 0, 0, 0, 0, 0, 0, 0, 0, '', 'C'),
('2BU21CS170', '21CS33', 0, 0, 0, 0, 0, 0, 0, 0, '', 'C'),
('2BU21CS171', '21CS33', 0, 0, 0, 0, 0, 0, 0, 0, '', 'C'),
('2BU21CS172', '21CS33', 0, 0, 0, 0, 0, 0, 0, 0, '', 'C'),
('2BU21CS173', '21CS33', 0, 0, 0, 0, 0, 0, 0, 0, '', 'C'),
('2BU21CS174', '21CS33', 0, 0, 0, 0, 0, 0, 0, 0, '', 'C'),
('2BU21CS175', '21CS33', 0, 0, 0, 0, 0, 0, 0, 0, '', 'C'),
('2BU21CS176', '21CS33', 0, 0, 0, 0, 0, 0, 0, 0, '', 'C'),
('2BU21CS177', '21CS33', 0, 0, 0, 0, 0, 0, 0, 0, '', 'C'),
('2BU21CS178', '21CS33', 0, 0, 0, 0, 0, 0, 0, 0, '', 'C'),
('2BU21CS179', '21CS33', 0, 0, 0, 0, 0, 0, 0, 0, '', 'C'),
('2BU21CS180', '21CS33', 0, 0, 0, 0, 0, 0, 0, 0, '', 'C'),
('2BU21CS181', '21CS33', 0, 0, 0, 0, 0, 0, 0, 0, '', 'C'),
('2BU21CS182', '21CS33', 0, 0, 0, 0, 0, 0, 0, 0, '', 'C'),
('2BU21CS183', '21CS33', 0, 0, 0, 0, 0, 0, 0, 0, '', 'C'),
('2BU21CS184', '21CS33', 0, 0, 0, 0, 0, 0, 0, 0, '', 'C'),
('2BU21CS185', '21CS33', 0, 0, 0, 0, 0, 0, 0, 0, '', 'C'),
('2BU21CS186', '21CS33', 0, 0, 0, 0, 0, 0, 0, 0, '', 'C'),
('2BU21CS187', '21CS33', 0, 0, 0, 0, 0, 0, 0, 0, '', 'C'),
('2BU21CS188', '21CS33', 0, 0, 0, 0, 0, 0, 0, 0, '', 'C'),
('2BU22CS412', '21CS33', 0, 0, 0, 0, 0, 0, 0, 0, '', 'C'),
('2BU22CS413', '21CS33', 0, 0, 0, 0, 0, 0, 0, 0, '', 'C'),
('2BU22CS414', '21CS33', 0, 0, 0, 0, 0, 0, 0, 0, '', 'C'),
('2BU22CS415', '21CS33', 0, 0, 0, 0, 0, 0, 0, 0, '', 'C'),
('2BU22CS416', '21CS33', 0, 0, 0, 0, 0, 0, 0, 0, '', 'C'),
('2BU22CS417', '21CS33', 0, 0, 0, 0, 0, 0, 0, 0, '', 'C'),
('2BU21CS001', '21CS34', 0, 0, 0, 0, 0, 0, 0, 0, '', 'A'),
('2BU21CS002', '21CS34', 0, 0, 0, 0, 0, 0, 0, 0, '', 'A'),
('2BU21CS003', '21CS34', 0, 0, 0, 0, 0, 0, 0, 0, '', 'A'),
('2BU21CS004', '21CS34', 0, 0, 0, 0, 0, 0, 0, 0, '', 'A'),
('2BU21CS005', '21CS34', 0, 0, 0, 0, 0, 0, 0, 0, '', 'A'),
('2BU21CS006', '21CS34', 0, 0, 0, 0, 0, 0, 0, 0, '', 'A'),
('2BU21CS007', '21CS34', 0, 0, 0, 0, 0, 0, 0, 0, '', 'A'),
('2BU21CS008', '21CS34', 0, 0, 0, 0, 0, 0, 0, 0, '', 'A'),
('2BU21CS009', '21CS34', 0, 0, 0, 0, 0, 0, 0, 0, '', 'A'),
('2BU21CS010', '21CS34', 0, 0, 0, 0, 0, 0, 0, 0, '', 'A'),
('2BU21CS011', '21CS34', 0, 0, 0, 0, 0, 0, 0, 0, '', 'A'),
('2BU21CS012', '21CS34', 0, 0, 0, 0, 0, 0, 0, 0, '', 'A'),
('2BU21CS013', '21CS34', 0, 0, 0, 0, 0, 0, 0, 0, '', 'A'),
('2BU21CS014', '21CS34', 0, 0, 0, 0, 0, 0, 0, 0, '', 'A'),
('2BU21CS015', '21CS34', 0, 0, 0, 0, 0, 0, 0, 0, '', 'A'),
('2BU21CS016', '21CS34', 0, 0, 0, 0, 0, 0, 0, 0, '', 'A'),
('2BU21CS017', '21CS34', 0, 0, 0, 0, 0, 0, 0, 0, '', 'A'),
('2BU21CS018', '21CS34', 0, 0, 0, 0, 0, 0, 0, 0, '', 'A'),
('2BU21CS019', '21CS34', 0, 0, 0, 0, 0, 0, 0, 0, '', 'A'),
('2BU21CS020', '21CS34', 0, 0, 0, 0, 0, 0, 0, 0, '', 'A'),
('2BU21CS021', '21CS34', 0, 0, 0, 0, 0, 0, 0, 0, '', 'A'),
('2BU21CS022', '21CS34', 0, 0, 0, 0, 0, 0, 0, 0, '', 'A'),
('2BU21CS023', '21CS34', 0, 0, 0, 0, 0, 0, 0, 0, '', 'A'),
('2BU21CS024', '21CS34', 0, 0, 0, 0, 0, 0, 0, 0, '', 'A'),
('2BU21CS025', '21CS34', 0, 0, 0, 0, 0, 0, 0, 0, '', 'A'),
('2BU21CS026', '21CS34', 0, 0, 0, 0, 0, 0, 0, 0, '', 'A'),
('2BU21CS027', '21CS34', 0, 0, 0, 0, 0, 0, 0, 0, '', 'A'),
('2BU21CS028', '21CS34', 0, 0, 0, 0, 0, 0, 0, 0, '', 'A'),
('2BU21CS029', '21CS34', 0, 0, 0, 0, 0, 0, 0, 0, '', 'A'),
('2BU21CS030', '21CS34', 0, 0, 0, 0, 0, 0, 0, 0, '', 'A'),
('2BU21CS031', '21CS34', 0, 0, 0, 0, 0, 0, 0, 0, '', 'A'),
('2BU21CS032', '21CS34', 0, 0, 0, 0, 0, 0, 0, 0, '', 'A'),
('2BU21CS033', '21CS34', 0, 0, 0, 0, 0, 0, 0, 0, '', 'A'),
('2BU21CS034', '21CS34', 0, 0, 0, 0, 0, 0, 0, 0, '', 'A'),
('2BU21CS035', '21CS34', 0, 0, 0, 0, 0, 0, 0, 0, '', 'A'),
('2BU21CS036', '21CS34', 0, 0, 0, 0, 0, 0, 0, 0, '', 'A'),
('2BU21CS037', '21CS34', 0, 0, 0, 0, 0, 0, 0, 0, '', 'A'),
('2BU21CS038', '21CS34', 0, 0, 0, 0, 0, 0, 0, 0, '', 'A'),
('2BU21CS039', '21CS34', 0, 0, 0, 0, 0, 0, 0, 0, '', 'A'),
('2BU21CS040', '21CS34', 0, 0, 0, 0, 0, 0, 0, 0, '', 'A'),
('2BU21CS041', '21CS34', 0, 0, 0, 0, 0, 0, 0, 0, '', 'A'),
('2BU21CS042', '21CS34', 0, 0, 0, 0, 0, 0, 0, 0, '', 'A'),
('2BU21CS043', '21CS34', 0, 0, 0, 0, 0, 0, 0, 0, '', 'A'),
('2BU21CS044', '21CS34', 0, 0, 0, 0, 0, 0, 0, 0, '', 'A'),
('2BU21CS045', '21CS34', 0, 0, 0, 0, 0, 0, 0, 0, '', 'A'),
('2BU21CS046', '21CS34', 0, 0, 0, 0, 0, 0, 0, 0, '', 'A'),
('2BU21CS047', '21CS34', 0, 0, 0, 0, 0, 0, 0, 0, '', 'A'),
('2BU21CS048', '21CS34', 0, 0, 0, 0, 0, 0, 0, 0, '', 'A'),
('2BU21CS050', '21CS34', 0, 0, 0, 0, 0, 0, 0, 0, '', 'A'),
('2BU21CS051', '21CS34', 0, 0, 0, 0, 0, 0, 0, 0, '', 'A'),
('2BU21CS052', '21CS34', 0, 0, 0, 0, 0, 0, 0, 0, '', 'A'),
('2BU21CS053', '21CS34', 0, 0, 0, 0, 0, 0, 0, 0, '', 'A'),
('2BU21CS054', '21CS34', 0, 0, 0, 0, 0, 0, 0, 0, '', 'A'),
('2BU21CS055', '21CS34', 0, 0, 0, 0, 0, 0, 0, 0, '', 'A'),
('2BU21CS056', '21CS34', 0, 0, 0, 0, 0, 0, 0, 0, '', 'A'),
('2BU21CS057', '21CS34', 0, 0, 0, 0, 0, 0, 0, 0, '', 'A'),
('2BU21CS058', '21CS34', 0, 0, 0, 0, 0, 0, 0, 0, '', 'A'),
('2BU21CS059', '21CS34', 0, 0, 0, 0, 0, 0, 0, 0, '', 'A'),
('2BU21CS060', '21CS34', 0, 0, 0, 0, 0, 0, 0, 0, '', 'A'),
('2BU21CS061', '21CS34', 0, 0, 0, 0, 0, 0, 0, 0, '', 'A'),
('2BU21CS062', '21CS34', 0, 0, 0, 0, 0, 0, 0, 0, '', 'A'),
('2BU21CS063', '21CS34', 0, 0, 0, 0, 0, 0, 0, 0, '', 'A'),
('2BU22CS400', '21CS34', 0, 0, 0, 0, 0, 0, 0, 0, '', 'A'),
('2BU22CS401', '21CS34', 0, 0, 0, 0, 0, 0, 0, 0, '', 'A'),
('2BU22CS402', '21CS34', 0, 0, 0, 0, 0, 0, 0, 0, '', 'A'),
('2BU22CS403', '21CS34', 0, 0, 0, 0, 0, 0, 0, 0, '', 'A'),
('2BU22CS404', '21CS34', 0, 0, 0, 0, 0, 0, 0, 0, '', 'A'),
('2BU22CS405', '21CS34', 0, 0, 0, 0, 0, 0, 0, 0, '', 'A'),
('2BU21CS064', '21CS34', 0, 0, 0, 0, 0, 0, 0, 0, '', 'B'),
('2BU21CS065', '21CS34', 0, 0, 0, 0, 0, 0, 0, 0, '', 'B'),
('2BU21CS066', '21CS34', 0, 0, 0, 0, 0, 0, 0, 0, '', 'B'),
('2BU21CS067', '21CS34', 0, 0, 0, 0, 0, 0, 0, 0, '', 'B'),
('2BU21CS069', '21CS34', 0, 0, 0, 0, 0, 0, 0, 0, '', 'B'),
('2BU21CS070', '21CS34', 0, 0, 0, 0, 0, 0, 0, 0, '', 'B'),
('2BU21CS071', '21CS34', 0, 0, 0, 0, 0, 0, 0, 0, '', 'B'),
('2BU21CS072', '21CS34', 0, 0, 0, 0, 0, 0, 0, 0, '', 'B'),
('2BU21CS073', '21CS34', 0, 0, 0, 0, 0, 0, 0, 0, '', 'B'),
('2BU21CS074', '21CS34', 0, 0, 0, 0, 0, 0, 0, 0, '', 'B'),
('2BU21CS075', '21CS34', 0, 0, 0, 0, 0, 0, 0, 0, '', 'B'),
('2BU21CS076', '21CS34', 0, 0, 0, 0, 0, 0, 0, 0, '', 'B'),
('2BU21CS078', '21CS34', 0, 0, 0, 0, 0, 0, 0, 0, '', 'B'),
('2BU21CS079', '21CS34', 0, 0, 0, 0, 0, 0, 0, 0, '', 'B'),
('2BU21CS080', '21CS34', 0, 0, 0, 0, 0, 0, 0, 0, '', 'B'),
('2BU21CS081', '21CS34', 0, 0, 0, 0, 0, 0, 0, 0, '', 'B'),
('2BU21CS082', '21CS34', 0, 0, 0, 0, 0, 0, 0, 0, '', 'B'),
('2BU21CS083', '21CS34', 0, 0, 0, 0, 0, 0, 0, 0, '', 'B'),
('2BU21CS084', '21CS34', 0, 0, 0, 0, 0, 0, 0, 0, '', 'B'),
('2BU21CS085', '21CS34', 0, 0, 0, 0, 0, 0, 0, 0, '', 'B'),
('2BU21CS086', '21CS34', 0, 0, 0, 0, 0, 0, 0, 0, '', 'B'),
('2BU21CS087', '21CS34', 0, 0, 0, 0, 0, 0, 0, 0, '', 'B'),
('2BU21CS088', '21CS34', 0, 0, 0, 0, 0, 0, 0, 0, '', 'B'),
('2BU21CS089', '21CS34', 0, 0, 0, 0, 0, 0, 0, 0, '', 'B'),
('2BU21CS090', '21CS34', 0, 0, 0, 0, 0, 0, 0, 0, '', 'B'),
('2BU21CS091', '21CS34', 0, 0, 0, 0, 0, 0, 0, 0, '', 'B'),
('2BU21CS092', '21CS34', 0, 0, 0, 0, 0, 0, 0, 0, '', 'B'),
('2BU21CS093', '21CS34', 0, 0, 0, 0, 0, 0, 0, 0, '', 'B'),
('2BU21CS094', '21CS34', 0, 0, 0, 0, 0, 0, 0, 0, '', 'B'),
('2BU21CS095', '21CS34', 0, 0, 0, 0, 0, 0, 0, 0, '', 'B'),
('2BU21CS096', '21CS34', 0, 0, 0, 0, 0, 0, 0, 0, '', 'B'),
('2BU21CS097', '21CS34', 0, 0, 0, 0, 0, 0, 0, 0, '', 'B'),
('2BU21CS098', '21CS34', 0, 0, 0, 0, 0, 0, 0, 0, '', 'B'),
('2BU21CS099', '21CS34', 0, 0, 0, 0, 0, 0, 0, 0, '', 'B'),
('2BU21CS100', '21CS34', 0, 0, 0, 0, 0, 0, 0, 0, '', 'B'),
('2BU21CS101', '21CS34', 0, 0, 0, 0, 0, 0, 0, 0, '', 'B'),
('2BU21CS102', '21CS34', 0, 0, 0, 0, 0, 0, 0, 0, '', 'B'),
('2BU21CS103', '21CS34', 0, 0, 0, 0, 0, 0, 0, 0, '', 'B'),
('2BU21CS104', '21CS34', 0, 0, 0, 0, 0, 0, 0, 0, '', 'B'),
('2BU21CS105', '21CS34', 0, 0, 0, 0, 0, 0, 0, 0, '', 'B'),
('2BU21CS106', '21CS34', 0, 0, 0, 0, 0, 0, 0, 0, '', 'B'),
('2BU21CS107', '21CS34', 0, 0, 0, 0, 0, 0, 0, 0, '', 'B'),
('2BU21CS108', '21CS34', 0, 0, 0, 0, 0, 0, 0, 0, '', 'B'),
('2BU21CS109', '21CS34', 0, 0, 0, 0, 0, 0, 0, 0, '', 'B'),
('2BU21CS110', '21CS34', 0, 0, 0, 0, 0, 0, 0, 0, '', 'B'),
('2BU21CS111', '21CS34', 0, 0, 0, 0, 0, 0, 0, 0, '', 'B'),
('2BU21CS112', '21CS34', 0, 0, 0, 0, 0, 0, 0, 0, '', 'B'),
('2BU21CS113', '21CS34', 0, 0, 0, 0, 0, 0, 0, 0, '', 'B'),
('2BU21CS114', '21CS34', 0, 0, 0, 0, 0, 0, 0, 0, '', 'B'),
('2BU21CS115', '21CS34', 0, 0, 0, 0, 0, 0, 0, 0, '', 'B'),
('2BU21CS116', '21CS34', 0, 0, 0, 0, 0, 0, 0, 0, '', 'B'),
('2BU21CS117', '21CS34', 0, 0, 0, 0, 0, 0, 0, 0, '', 'B'),
('2BU21CS118', '21CS34', 0, 0, 0, 0, 0, 0, 0, 0, '', 'B'),
('2BU21CS119', '21CS34', 0, 0, 0, 0, 0, 0, 0, 0, '', 'B'),
('2BU21CS120', '21CS34', 0, 0, 0, 0, 0, 0, 0, 0, '', 'B'),
('2BU21CS121', '21CS34', 0, 0, 0, 0, 0, 0, 0, 0, '', 'B'),
('2BU21CS122', '21CS34', 0, 0, 0, 0, 0, 0, 0, 0, '', 'B'),
('2BU21CS123', '21CS34', 0, 0, 0, 0, 0, 0, 0, 0, '', 'B'),
('2BU21CS124', '21CS34', 0, 0, 0, 0, 0, 0, 0, 0, '', 'B'),
('2BU21CS125', '21CS34', 0, 0, 0, 0, 0, 0, 0, 0, '', 'B'),
('2BU21CS126', '21CS34', 0, 0, 0, 0, 0, 0, 0, 0, '', 'B'),
('2BU22CS406', '21CS34', 0, 0, 0, 0, 0, 0, 0, 0, '', 'B'),
('2BU22CS407', '21CS34', 0, 0, 0, 0, 0, 0, 0, 0, '', 'B'),
('2BU22CS408', '21CS34', 0, 0, 0, 0, 0, 0, 0, 0, '', 'B'),
('2BU22CS409', '21CS34', 0, 0, 0, 0, 0, 0, 0, 0, '', 'B'),
('2BU22CS410', '21CS34', 0, 0, 0, 0, 0, 0, 0, 0, '', 'B'),
('2BU22CS411', '21CS34', 0, 0, 0, 0, 0, 0, 0, 0, '', 'B'),
('2BU21CS127', '21CS34', 0, 0, 0, 0, 0, 0, 0, 0, '', 'C'),
('2BU21CS128', '21CS34', 0, 0, 0, 0, 0, 0, 0, 0, '', 'C'),
('2BU21CS129', '21CS34', 0, 0, 0, 0, 0, 0, 0, 0, '', 'C'),
('2BU21CS130', '21CS34', 0, 0, 0, 0, 0, 0, 0, 0, '', 'C'),
('2BU21CS131', '21CS34', 0, 0, 0, 0, 0, 0, 0, 0, '', 'C'),
('2BU21CS132', '21CS34', 0, 0, 0, 0, 0, 0, 0, 0, '', 'C'),
('2BU21CS133', '21CS34', 0, 0, 0, 0, 0, 0, 0, 0, '', 'C'),
('2BU21CS134', '21CS34', 0, 0, 0, 0, 0, 0, 0, 0, '', 'C'),
('2BU21CS135', '21CS34', 0, 0, 0, 0, 0, 0, 0, 0, '', 'C'),
('2BU21CS136', '21CS34', 0, 0, 0, 0, 0, 0, 0, 0, '', 'C'),
('2BU21CS137', '21CS34', 0, 0, 0, 0, 0, 0, 0, 0, '', 'C'),
('2BU21CS138', '21CS34', 0, 0, 0, 0, 0, 0, 0, 0, '', 'C'),
('2BU21CS139', '21CS34', 0, 0, 0, 0, 0, 0, 0, 0, '', 'C'),
('2BU21CS140', '21CS34', 0, 0, 0, 0, 0, 0, 0, 0, '', 'C'),
('2BU21CS141', '21CS34', 0, 0, 0, 0, 0, 0, 0, 0, '', 'C'),
('2BU21CS142', '21CS34', 0, 0, 0, 0, 0, 0, 0, 0, '', 'C'),
('2BU21CS143', '21CS34', 0, 0, 0, 0, 0, 0, 0, 0, '', 'C'),
('2BU21CS144', '21CS34', 0, 0, 0, 0, 0, 0, 0, 0, '', 'C'),
('2BU21CS145', '21CS34', 0, 0, 0, 0, 0, 0, 0, 0, '', 'C'),
('2BU21CS146', '21CS34', 0, 0, 0, 0, 0, 0, 0, 0, '', 'C'),
('2BU21CS147', '21CS34', 0, 0, 0, 0, 0, 0, 0, 0, '', 'C'),
('2BU21CS148', '21CS34', 0, 0, 0, 0, 0, 0, 0, 0, '', 'C'),
('2BU21CS149', '21CS34', 0, 0, 0, 0, 0, 0, 0, 0, '', 'C'),
('2BU21CS150', '21CS34', 0, 0, 0, 0, 0, 0, 0, 0, '', 'C'),
('2BU21CS151', '21CS34', 0, 0, 0, 0, 0, 0, 0, 0, '', 'C'),
('2BU21CS152', '21CS34', 0, 0, 0, 0, 0, 0, 0, 0, '', 'C'),
('2BU21CS153', '21CS34', 0, 0, 0, 0, 0, 0, 0, 0, '', 'C'),
('2BU21CS154', '21CS34', 0, 0, 0, 0, 0, 0, 0, 0, '', 'C'),
('2BU21CS155', '21CS34', 0, 0, 0, 0, 0, 0, 0, 0, '', 'C'),
('2BU21CS156', '21CS34', 0, 0, 0, 0, 0, 0, 0, 0, '', 'C'),
('2BU21CS157', '21CS34', 0, 0, 0, 0, 0, 0, 0, 0, '', 'C'),
('2BU21CS158', '21CS34', 0, 0, 0, 0, 0, 0, 0, 0, '', 'C'),
('2BU21CS159', '21CS34', 0, 0, 0, 0, 0, 0, 0, 0, '', 'C'),
('2BU21CS160', '21CS34', 0, 0, 0, 0, 0, 0, 0, 0, '', 'C'),
('2BU21CS161', '21CS34', 0, 0, 0, 0, 0, 0, 0, 0, '', 'C'),
('2BU21CS162', '21CS34', 0, 0, 0, 0, 0, 0, 0, 0, '', 'C'),
('2BU21CS163', '21CS34', 0, 0, 0, 0, 0, 0, 0, 0, '', 'C'),
('2BU21CS164', '21CS34', 0, 0, 0, 0, 0, 0, 0, 0, '', 'C'),
('2BU21CS165', '21CS34', 0, 0, 0, 0, 0, 0, 0, 0, '', 'C'),
('2BU21CS166', '21CS34', 0, 0, 0, 0, 0, 0, 0, 0, '', 'C'),
('2BU21CS167', '21CS34', 0, 0, 0, 0, 0, 0, 0, 0, '', 'C'),
('2BU21CS168', '21CS34', 0, 0, 0, 0, 0, 0, 0, 0, '', 'C'),
('2BU21CS169', '21CS34', 0, 0, 0, 0, 0, 0, 0, 0, '', 'C'),
('2BU21CS170', '21CS34', 0, 0, 0, 0, 0, 0, 0, 0, '', 'C'),
('2BU21CS171', '21CS34', 0, 0, 0, 0, 0, 0, 0, 0, '', 'C'),
('2BU21CS172', '21CS34', 0, 0, 0, 0, 0, 0, 0, 0, '', 'C'),
('2BU21CS173', '21CS34', 0, 0, 0, 0, 0, 0, 0, 0, '', 'C'),
('2BU21CS174', '21CS34', 0, 0, 0, 0, 0, 0, 0, 0, '', 'C'),
('2BU21CS175', '21CS34', 0, 0, 0, 0, 0, 0, 0, 0, '', 'C'),
('2BU21CS176', '21CS34', 0, 0, 0, 0, 0, 0, 0, 0, '', 'C'),
('2BU21CS177', '21CS34', 0, 0, 0, 0, 0, 0, 0, 0, '', 'C'),
('2BU21CS178', '21CS34', 0, 0, 0, 0, 0, 0, 0, 0, '', 'C'),
('2BU21CS179', '21CS34', 0, 0, 0, 0, 0, 0, 0, 0, '', 'C'),
('2BU21CS180', '21CS34', 0, 0, 0, 0, 0, 0, 0, 0, '', 'C'),
('2BU21CS181', '21CS34', 0, 0, 0, 0, 0, 0, 0, 0, '', 'C'),
('2BU21CS182', '21CS34', 0, 0, 0, 0, 0, 0, 0, 0, '', 'C'),
('2BU21CS183', '21CS34', 0, 0, 0, 0, 0, 0, 0, 0, '', 'C'),
('2BU21CS184', '21CS34', 0, 0, 0, 0, 0, 0, 0, 0, '', 'C'),
('2BU21CS185', '21CS34', 0, 0, 0, 0, 0, 0, 0, 0, '', 'C'),
('2BU21CS186', '21CS34', 0, 0, 0, 0, 0, 0, 0, 0, '', 'C'),
('2BU21CS187', '21CS34', 0, 0, 0, 0, 0, 0, 0, 0, '', 'C'),
('2BU21CS188', '21CS34', 0, 0, 0, 0, 0, 0, 0, 0, '', 'C'),
('2BU22CS412', '21CS34', 0, 0, 0, 0, 0, 0, 0, 0, '', 'C'),
('2BU22CS413', '21CS34', 0, 0, 0, 0, 0, 0, 0, 0, '', 'C'),
('2BU22CS414', '21CS34', 0, 0, 0, 0, 0, 0, 0, 0, '', 'C'),
('2BU22CS415', '21CS34', 0, 0, 0, 0, 0, 0, 0, 0, '', 'C'),
('2BU22CS416', '21CS34', 0, 0, 0, 0, 0, 0, 0, 0, '', 'C'),
('2BU22CS417', '21CS34', 0, 0, 0, 0, 0, 0, 0, 0, '', 'C'),
('2BU21CS001', '21CSL35', 0, 0, 0, 0, 0, 0, 0, 0, '', 'A'),
('2BU21CS002', '21CSL35', 0, 0, 0, 0, 0, 0, 0, 0, '', 'A'),
('2BU21CS003', '21CSL35', 0, 0, 0, 0, 0, 0, 0, 0, '', 'A'),
('2BU21CS004', '21CSL35', 0, 0, 0, 0, 0, 0, 0, 0, '', 'A'),
('2BU21CS005', '21CSL35', 0, 0, 0, 0, 0, 0, 0, 0, '', 'A'),
('2BU21CS006', '21CSL35', 0, 0, 0, 0, 0, 0, 0, 0, '', 'A'),
('2BU21CS007', '21CSL35', 0, 0, 0, 0, 0, 0, 0, 0, '', 'A'),
('2BU21CS008', '21CSL35', 0, 0, 0, 0, 0, 0, 0, 0, '', 'A'),
('2BU21CS009', '21CSL35', 0, 0, 0, 0, 0, 0, 0, 0, '', 'A'),
('2BU21CS010', '21CSL35', 0, 0, 0, 0, 0, 0, 0, 0, '', 'A'),
('2BU21CS011', '21CSL35', 0, 0, 0, 0, 0, 0, 0, 0, '', 'A'),
('2BU21CS012', '21CSL35', 0, 0, 0, 0, 0, 0, 0, 0, '', 'A'),
('2BU21CS013', '21CSL35', 0, 0, 0, 0, 0, 0, 0, 0, '', 'A'),
('2BU21CS014', '21CSL35', 0, 0, 0, 0, 0, 0, 0, 0, '', 'A'),
('2BU21CS015', '21CSL35', 0, 0, 0, 0, 0, 0, 0, 0, '', 'A'),
('2BU21CS016', '21CSL35', 0, 0, 0, 0, 0, 0, 0, 0, '', 'A'),
('2BU21CS017', '21CSL35', 0, 0, 0, 0, 0, 0, 0, 0, '', 'A'),
('2BU21CS018', '21CSL35', 0, 0, 0, 0, 0, 0, 0, 0, '', 'A'),
('2BU21CS019', '21CSL35', 0, 0, 0, 0, 0, 0, 0, 0, '', 'A'),
('2BU21CS020', '21CSL35', 0, 0, 0, 0, 0, 0, 0, 0, '', 'A'),
('2BU21CS021', '21CSL35', 0, 0, 0, 0, 0, 0, 0, 0, '', 'A'),
('2BU21CS022', '21CSL35', 0, 0, 0, 0, 0, 0, 0, 0, '', 'A'),
('2BU21CS023', '21CSL35', 0, 0, 0, 0, 0, 0, 0, 0, '', 'A'),
('2BU21CS024', '21CSL35', 0, 0, 0, 0, 0, 0, 0, 0, '', 'A'),
('2BU21CS025', '21CSL35', 0, 0, 0, 0, 0, 0, 0, 0, '', 'A'),
('2BU21CS026', '21CSL35', 0, 0, 0, 0, 0, 0, 0, 0, '', 'A'),
('2BU21CS027', '21CSL35', 0, 0, 0, 0, 0, 0, 0, 0, '', 'A'),
('2BU21CS028', '21CSL35', 0, 0, 0, 0, 0, 0, 0, 0, '', 'A'),
('2BU21CS029', '21CSL35', 0, 0, 0, 0, 0, 0, 0, 0, '', 'A'),
('2BU21CS030', '21CSL35', 0, 0, 0, 0, 0, 0, 0, 0, '', 'A'),
('2BU21CS031', '21CSL35', 0, 0, 0, 0, 0, 0, 0, 0, '', 'A'),
('2BU21CS032', '21CSL35', 0, 0, 0, 0, 0, 0, 0, 0, '', 'A'),
('2BU21CS033', '21CSL35', 0, 0, 0, 0, 0, 0, 0, 0, '', 'A'),
('2BU21CS034', '21CSL35', 0, 0, 0, 0, 0, 0, 0, 0, '', 'A'),
('2BU21CS035', '21CSL35', 0, 0, 0, 0, 0, 0, 0, 0, '', 'A'),
('2BU21CS036', '21CSL35', 0, 0, 0, 0, 0, 0, 0, 0, '', 'A'),
('2BU21CS037', '21CSL35', 0, 0, 0, 0, 0, 0, 0, 0, '', 'A'),
('2BU21CS038', '21CSL35', 0, 0, 0, 0, 0, 0, 0, 0, '', 'A'),
('2BU21CS039', '21CSL35', 0, 0, 0, 0, 0, 0, 0, 0, '', 'A'),
('2BU21CS040', '21CSL35', 0, 0, 0, 0, 0, 0, 0, 0, '', 'A'),
('2BU21CS041', '21CSL35', 0, 0, 0, 0, 0, 0, 0, 0, '', 'A'),
('2BU21CS042', '21CSL35', 0, 0, 0, 0, 0, 0, 0, 0, '', 'A'),
('2BU21CS043', '21CSL35', 0, 0, 0, 0, 0, 0, 0, 0, '', 'A'),
('2BU21CS044', '21CSL35', 0, 0, 0, 0, 0, 0, 0, 0, '', 'A'),
('2BU21CS045', '21CSL35', 0, 0, 0, 0, 0, 0, 0, 0, '', 'A'),
('2BU21CS046', '21CSL35', 0, 0, 0, 0, 0, 0, 0, 0, '', 'A'),
('2BU21CS047', '21CSL35', 0, 0, 0, 0, 0, 0, 0, 0, '', 'A'),
('2BU21CS048', '21CSL35', 0, 0, 0, 0, 0, 0, 0, 0, '', 'A'),
('2BU21CS050', '21CSL35', 0, 0, 0, 0, 0, 0, 0, 0, '', 'A'),
('2BU21CS051', '21CSL35', 0, 0, 0, 0, 0, 0, 0, 0, '', 'A'),
('2BU21CS052', '21CSL35', 0, 0, 0, 0, 0, 0, 0, 0, '', 'A'),
('2BU21CS053', '21CSL35', 0, 0, 0, 0, 0, 0, 0, 0, '', 'A'),
('2BU21CS054', '21CSL35', 0, 0, 0, 0, 0, 0, 0, 0, '', 'A'),
('2BU21CS055', '21CSL35', 0, 0, 0, 0, 0, 0, 0, 0, '', 'A'),
('2BU21CS056', '21CSL35', 0, 0, 0, 0, 0, 0, 0, 0, '', 'A'),
('2BU21CS057', '21CSL35', 0, 0, 0, 0, 0, 0, 0, 0, '', 'A'),
('2BU21CS058', '21CSL35', 0, 0, 0, 0, 0, 0, 0, 0, '', 'A'),
('2BU21CS059', '21CSL35', 0, 0, 0, 0, 0, 0, 0, 0, '', 'A'),
('2BU21CS060', '21CSL35', 0, 0, 0, 0, 0, 0, 0, 0, '', 'A'),
('2BU21CS061', '21CSL35', 0, 0, 0, 0, 0, 0, 0, 0, '', 'A'),
('2BU21CS062', '21CSL35', 0, 0, 0, 0, 0, 0, 0, 0, '', 'A'),
('2BU21CS063', '21CSL35', 0, 0, 0, 0, 0, 0, 0, 0, '', 'A'),
('2BU22CS400', '21CSL35', 0, 0, 0, 0, 0, 0, 0, 0, '', 'A'),
('2BU22CS401', '21CSL35', 0, 0, 0, 0, 0, 0, 0, 0, '', 'A'),
('2BU22CS402', '21CSL35', 0, 0, 0, 0, 0, 0, 0, 0, '', 'A'),
('2BU22CS403', '21CSL35', 0, 0, 0, 0, 0, 0, 0, 0, '', 'A'),
('2BU22CS404', '21CSL35', 0, 0, 0, 0, 0, 0, 0, 0, '', 'A'),
('2BU22CS405', '21CSL35', 0, 0, 0, 0, 0, 0, 0, 0, '', 'A'),
('2BU21CS064', '21CSL35', 0, 0, 0, 0, 0, 0, 0, 0, '', 'B'),
('2BU21CS065', '21CSL35', 0, 0, 0, 0, 0, 0, 0, 0, '', 'B'),
('2BU21CS066', '21CSL35', 0, 0, 0, 0, 0, 0, 0, 0, '', 'B'),
('2BU21CS067', '21CSL35', 0, 0, 0, 0, 0, 0, 0, 0, '', 'B'),
('2BU21CS069', '21CSL35', 0, 0, 0, 0, 0, 0, 0, 0, '', 'B'),
('2BU21CS070', '21CSL35', 0, 0, 0, 0, 0, 0, 0, 0, '', 'B'),
('2BU21CS071', '21CSL35', 0, 0, 0, 0, 0, 0, 0, 0, '', 'B'),
('2BU21CS072', '21CSL35', 0, 0, 0, 0, 0, 0, 0, 0, '', 'B'),
('2BU21CS073', '21CSL35', 0, 0, 0, 0, 0, 0, 0, 0, '', 'B'),
('2BU21CS074', '21CSL35', 0, 0, 0, 0, 0, 0, 0, 0, '', 'B'),
('2BU21CS075', '21CSL35', 0, 0, 0, 0, 0, 0, 0, 0, '', 'B'),
('2BU21CS076', '21CSL35', 0, 0, 0, 0, 0, 0, 0, 0, '', 'B'),
('2BU21CS078', '21CSL35', 0, 0, 0, 0, 0, 0, 0, 0, '', 'B'),
('2BU21CS079', '21CSL35', 0, 0, 0, 0, 0, 0, 0, 0, '', 'B'),
('2BU21CS080', '21CSL35', 0, 0, 0, 0, 0, 0, 0, 0, '', 'B'),
('2BU21CS081', '21CSL35', 0, 0, 0, 0, 0, 0, 0, 0, '', 'B'),
('2BU21CS082', '21CSL35', 0, 0, 0, 0, 0, 0, 0, 0, '', 'B'),
('2BU21CS083', '21CSL35', 0, 0, 0, 0, 0, 0, 0, 0, '', 'B'),
('2BU21CS084', '21CSL35', 0, 0, 0, 0, 0, 0, 0, 0, '', 'B'),
('2BU21CS085', '21CSL35', 0, 0, 0, 0, 0, 0, 0, 0, '', 'B'),
('2BU21CS086', '21CSL35', 0, 0, 0, 0, 0, 0, 0, 0, '', 'B'),
('2BU21CS087', '21CSL35', 0, 0, 0, 0, 0, 0, 0, 0, '', 'B'),
('2BU21CS088', '21CSL35', 0, 0, 0, 0, 0, 0, 0, 0, '', 'B'),
('2BU21CS089', '21CSL35', 0, 0, 0, 0, 0, 0, 0, 0, '', 'B'),
('2BU21CS090', '21CSL35', 0, 0, 0, 0, 0, 0, 0, 0, '', 'B'),
('2BU21CS091', '21CSL35', 0, 0, 0, 0, 0, 0, 0, 0, '', 'B'),
('2BU21CS092', '21CSL35', 0, 0, 0, 0, 0, 0, 0, 0, '', 'B'),
('2BU21CS093', '21CSL35', 0, 0, 0, 0, 0, 0, 0, 0, '', 'B'),
('2BU21CS094', '21CSL35', 0, 0, 0, 0, 0, 0, 0, 0, '', 'B'),
('2BU21CS095', '21CSL35', 0, 0, 0, 0, 0, 0, 0, 0, '', 'B'),
('2BU21CS096', '21CSL35', 0, 0, 0, 0, 0, 0, 0, 0, '', 'B'),
('2BU21CS097', '21CSL35', 0, 0, 0, 0, 0, 0, 0, 0, '', 'B'),
('2BU21CS098', '21CSL35', 0, 0, 0, 0, 0, 0, 0, 0, '', 'B'),
('2BU21CS099', '21CSL35', 0, 0, 0, 0, 0, 0, 0, 0, '', 'B'),
('2BU21CS100', '21CSL35', 0, 0, 0, 0, 0, 0, 0, 0, '', 'B'),
('2BU21CS101', '21CSL35', 0, 0, 0, 0, 0, 0, 0, 0, '', 'B'),
('2BU21CS102', '21CSL35', 0, 0, 0, 0, 0, 0, 0, 0, '', 'B'),
('2BU21CS103', '21CSL35', 0, 0, 0, 0, 0, 0, 0, 0, '', 'B'),
('2BU21CS104', '21CSL35', 0, 0, 0, 0, 0, 0, 0, 0, '', 'B'),
('2BU21CS105', '21CSL35', 0, 0, 0, 0, 0, 0, 0, 0, '', 'B'),
('2BU21CS106', '21CSL35', 0, 0, 0, 0, 0, 0, 0, 0, '', 'B'),
('2BU21CS107', '21CSL35', 0, 0, 0, 0, 0, 0, 0, 0, '', 'B'),
('2BU21CS108', '21CSL35', 0, 0, 0, 0, 0, 0, 0, 0, '', 'B'),
('2BU21CS109', '21CSL35', 0, 0, 0, 0, 0, 0, 0, 0, '', 'B'),
('2BU21CS110', '21CSL35', 0, 0, 0, 0, 0, 0, 0, 0, '', 'B'),
('2BU21CS111', '21CSL35', 0, 0, 0, 0, 0, 0, 0, 0, '', 'B'),
('2BU21CS112', '21CSL35', 0, 0, 0, 0, 0, 0, 0, 0, '', 'B'),
('2BU21CS113', '21CSL35', 0, 0, 0, 0, 0, 0, 0, 0, '', 'B'),
('2BU21CS114', '21CSL35', 0, 0, 0, 0, 0, 0, 0, 0, '', 'B'),
('2BU21CS115', '21CSL35', 0, 0, 0, 0, 0, 0, 0, 0, '', 'B'),
('2BU21CS116', '21CSL35', 0, 0, 0, 0, 0, 0, 0, 0, '', 'B'),
('2BU21CS117', '21CSL35', 0, 0, 0, 0, 0, 0, 0, 0, '', 'B'),
('2BU21CS118', '21CSL35', 0, 0, 0, 0, 0, 0, 0, 0, '', 'B'),
('2BU21CS119', '21CSL35', 0, 0, 0, 0, 0, 0, 0, 0, '', 'B'),
('2BU21CS120', '21CSL35', 0, 0, 0, 0, 0, 0, 0, 0, '', 'B'),
('2BU21CS121', '21CSL35', 0, 0, 0, 0, 0, 0, 0, 0, '', 'B'),
('2BU21CS122', '21CSL35', 0, 0, 0, 0, 0, 0, 0, 0, '', 'B'),
('2BU21CS123', '21CSL35', 0, 0, 0, 0, 0, 0, 0, 0, '', 'B'),
('2BU21CS124', '21CSL35', 0, 0, 0, 0, 0, 0, 0, 0, '', 'B'),
('2BU21CS125', '21CSL35', 0, 0, 0, 0, 0, 0, 0, 0, '', 'B'),
('2BU21CS126', '21CSL35', 0, 0, 0, 0, 0, 0, 0, 0, '', 'B'),
('2BU22CS406', '21CSL35', 0, 0, 0, 0, 0, 0, 0, 0, '', 'B'),
('2BU22CS407', '21CSL35', 0, 0, 0, 0, 0, 0, 0, 0, '', 'B'),
('2BU22CS408', '21CSL35', 0, 0, 0, 0, 0, 0, 0, 0, '', 'B'),
('2BU22CS409', '21CSL35', 0, 0, 0, 0, 0, 0, 0, 0, '', 'B'),
('2BU22CS410', '21CSL35', 0, 0, 0, 0, 0, 0, 0, 0, '', 'B'),
('2BU22CS411', '21CSL35', 0, 0, 0, 0, 0, 0, 0, 0, '', 'B'),
('2BU21CS127', '21CSL35', 0, 0, 0, 0, 0, 0, 0, 0, '', 'C'),
('2BU21CS128', '21CSL35', 0, 0, 0, 0, 0, 0, 0, 0, '', 'C'),
('2BU21CS129', '21CSL35', 0, 0, 0, 0, 0, 0, 0, 0, '', 'C'),
('2BU21CS130', '21CSL35', 0, 0, 0, 0, 0, 0, 0, 0, '', 'C'),
('2BU21CS131', '21CSL35', 0, 0, 0, 0, 0, 0, 0, 0, '', 'C'),
('2BU21CS132', '21CSL35', 0, 0, 0, 0, 0, 0, 0, 0, '', 'C'),
('2BU21CS133', '21CSL35', 0, 0, 0, 0, 0, 0, 0, 0, '', 'C'),
('2BU21CS134', '21CSL35', 0, 0, 0, 0, 0, 0, 0, 0, '', 'C'),
('2BU21CS135', '21CSL35', 0, 0, 0, 0, 0, 0, 0, 0, '', 'C'),
('2BU21CS136', '21CSL35', 0, 0, 0, 0, 0, 0, 0, 0, '', 'C'),
('2BU21CS137', '21CSL35', 0, 0, 0, 0, 0, 0, 0, 0, '', 'C'),
('2BU21CS138', '21CSL35', 0, 0, 0, 0, 0, 0, 0, 0, '', 'C'),
('2BU21CS139', '21CSL35', 0, 0, 0, 0, 0, 0, 0, 0, '', 'C'),
('2BU21CS140', '21CSL35', 0, 0, 0, 0, 0, 0, 0, 0, '', 'C'),
('2BU21CS141', '21CSL35', 0, 0, 0, 0, 0, 0, 0, 0, '', 'C'),
('2BU21CS142', '21CSL35', 0, 0, 0, 0, 0, 0, 0, 0, '', 'C'),
('2BU21CS143', '21CSL35', 0, 0, 0, 0, 0, 0, 0, 0, '', 'C'),
('2BU21CS144', '21CSL35', 0, 0, 0, 0, 0, 0, 0, 0, '', 'C'),
('2BU21CS145', '21CSL35', 0, 0, 0, 0, 0, 0, 0, 0, '', 'C'),
('2BU21CS146', '21CSL35', 0, 0, 0, 0, 0, 0, 0, 0, '', 'C'),
('2BU21CS147', '21CSL35', 0, 0, 0, 0, 0, 0, 0, 0, '', 'C'),
('2BU21CS148', '21CSL35', 0, 0, 0, 0, 0, 0, 0, 0, '', 'C'),
('2BU21CS149', '21CSL35', 0, 0, 0, 0, 0, 0, 0, 0, '', 'C'),
('2BU21CS150', '21CSL35', 0, 0, 0, 0, 0, 0, 0, 0, '', 'C'),
('2BU21CS151', '21CSL35', 0, 0, 0, 0, 0, 0, 0, 0, '', 'C'),
('2BU21CS152', '21CSL35', 0, 0, 0, 0, 0, 0, 0, 0, '', 'C'),
('2BU21CS153', '21CSL35', 0, 0, 0, 0, 0, 0, 0, 0, '', 'C'),
('2BU21CS154', '21CSL35', 0, 0, 0, 0, 0, 0, 0, 0, '', 'C'),
('2BU21CS155', '21CSL35', 0, 0, 0, 0, 0, 0, 0, 0, '', 'C'),
('2BU21CS156', '21CSL35', 0, 0, 0, 0, 0, 0, 0, 0, '', 'C'),
('2BU21CS157', '21CSL35', 0, 0, 0, 0, 0, 0, 0, 0, '', 'C'),
('2BU21CS158', '21CSL35', 0, 0, 0, 0, 0, 0, 0, 0, '', 'C'),
('2BU21CS159', '21CSL35', 0, 0, 0, 0, 0, 0, 0, 0, '', 'C'),
('2BU21CS160', '21CSL35', 0, 0, 0, 0, 0, 0, 0, 0, '', 'C'),
('2BU21CS161', '21CSL35', 0, 0, 0, 0, 0, 0, 0, 0, '', 'C'),
('2BU21CS162', '21CSL35', 0, 0, 0, 0, 0, 0, 0, 0, '', 'C'),
('2BU21CS163', '21CSL35', 0, 0, 0, 0, 0, 0, 0, 0, '', 'C'),
('2BU21CS164', '21CSL35', 0, 0, 0, 0, 0, 0, 0, 0, '', 'C'),
('2BU21CS165', '21CSL35', 0, 0, 0, 0, 0, 0, 0, 0, '', 'C'),
('2BU21CS166', '21CSL35', 0, 0, 0, 0, 0, 0, 0, 0, '', 'C'),
('2BU21CS167', '21CSL35', 0, 0, 0, 0, 0, 0, 0, 0, '', 'C'),
('2BU21CS168', '21CSL35', 0, 0, 0, 0, 0, 0, 0, 0, '', 'C'),
('2BU21CS169', '21CSL35', 0, 0, 0, 0, 0, 0, 0, 0, '', 'C'),
('2BU21CS170', '21CSL35', 0, 0, 0, 0, 0, 0, 0, 0, '', 'C'),
('2BU21CS171', '21CSL35', 0, 0, 0, 0, 0, 0, 0, 0, '', 'C'),
('2BU21CS172', '21CSL35', 0, 0, 0, 0, 0, 0, 0, 0, '', 'C'),
('2BU21CS173', '21CSL35', 0, 0, 0, 0, 0, 0, 0, 0, '', 'C'),
('2BU21CS174', '21CSL35', 0, 0, 0, 0, 0, 0, 0, 0, '', 'C'),
('2BU21CS175', '21CSL35', 0, 0, 0, 0, 0, 0, 0, 0, '', 'C'),
('2BU21CS176', '21CSL35', 0, 0, 0, 0, 0, 0, 0, 0, '', 'C'),
('2BU21CS177', '21CSL35', 0, 0, 0, 0, 0, 0, 0, 0, '', 'C'),
('2BU21CS178', '21CSL35', 0, 0, 0, 0, 0, 0, 0, 0, '', 'C'),
('2BU21CS179', '21CSL35', 0, 0, 0, 0, 0, 0, 0, 0, '', 'C'),
('2BU21CS180', '21CSL35', 0, 0, 0, 0, 0, 0, 0, 0, '', 'C'),
('2BU21CS181', '21CSL35', 0, 0, 0, 0, 0, 0, 0, 0, '', 'C'),
('2BU21CS182', '21CSL35', 0, 0, 0, 0, 0, 0, 0, 0, '', 'C'),
('2BU21CS183', '21CSL35', 0, 0, 0, 0, 0, 0, 0, 0, '', 'C'),
('2BU21CS184', '21CSL35', 0, 0, 0, 0, 0, 0, 0, 0, '', 'C'),
('2BU21CS185', '21CSL35', 0, 0, 0, 0, 0, 0, 0, 0, '', 'C'),
('2BU21CS186', '21CSL35', 0, 0, 0, 0, 0, 0, 0, 0, '', 'C'),
('2BU21CS187', '21CSL35', 0, 0, 0, 0, 0, 0, 0, 0, '', 'C'),
('2BU21CS188', '21CSL35', 0, 0, 0, 0, 0, 0, 0, 0, '', 'C'),
('2BU22CS412', '21CSL35', 0, 0, 0, 0, 0, 0, 0, 0, '', 'C'),
('2BU22CS413', '21CSL35', 0, 0, 0, 0, 0, 0, 0, 0, '', 'C'),
('2BU22CS414', '21CSL35', 0, 0, 0, 0, 0, 0, 0, 0, '', 'C'),
('2BU22CS415', '21CSL35', 0, 0, 0, 0, 0, 0, 0, 0, '', 'C'),
('2BU22CS416', '21CSL35', 0, 0, 0, 0, 0, 0, 0, 0, '', 'C'),
('2BU22CS417', '21CSL35', 0, 0, 0, 0, 0, 0, 0, 0, '', 'C'),
('2BU21CS001', '21UH36', 0, 0, 0, 0, 0, 0, 0, 0, '', 'A'),
('2BU21CS002', '21UH36', 0, 0, 0, 0, 0, 0, 0, 0, '', 'A'),
('2BU21CS003', '21UH36', 0, 0, 0, 0, 0, 0, 0, 0, '', 'A'),
('2BU21CS004', '21UH36', 0, 0, 0, 0, 0, 0, 0, 0, '', 'A'),
('2BU21CS005', '21UH36', 0, 0, 0, 0, 0, 0, 0, 0, '', 'A'),
('2BU21CS006', '21UH36', 0, 0, 0, 0, 0, 0, 0, 0, '', 'A'),
('2BU21CS007', '21UH36', 0, 0, 0, 0, 0, 0, 0, 0, '', 'A'),
('2BU21CS008', '21UH36', 0, 0, 0, 0, 0, 0, 0, 0, '', 'A'),
('2BU21CS009', '21UH36', 0, 0, 0, 0, 0, 0, 0, 0, '', 'A'),
('2BU21CS010', '21UH36', 0, 0, 0, 0, 0, 0, 0, 0, '', 'A'),
('2BU21CS011', '21UH36', 0, 0, 0, 0, 0, 0, 0, 0, '', 'A'),
('2BU21CS012', '21UH36', 0, 0, 0, 0, 0, 0, 0, 0, '', 'A'),
('2BU21CS013', '21UH36', 0, 0, 0, 0, 0, 0, 0, 0, '', 'A'),
('2BU21CS014', '21UH36', 0, 0, 0, 0, 0, 0, 0, 0, '', 'A'),
('2BU21CS015', '21UH36', 0, 0, 0, 0, 0, 0, 0, 0, '', 'A'),
('2BU21CS016', '21UH36', 0, 0, 0, 0, 0, 0, 0, 0, '', 'A'),
('2BU21CS017', '21UH36', 0, 0, 0, 0, 0, 0, 0, 0, '', 'A'),
('2BU21CS018', '21UH36', 0, 0, 0, 0, 0, 0, 0, 0, '', 'A'),
('2BU21CS019', '21UH36', 0, 0, 0, 0, 0, 0, 0, 0, '', 'A'),
('2BU21CS020', '21UH36', 0, 0, 0, 0, 0, 0, 0, 0, '', 'A'),
('2BU21CS021', '21UH36', 0, 0, 0, 0, 0, 0, 0, 0, '', 'A'),
('2BU21CS022', '21UH36', 0, 0, 0, 0, 0, 0, 0, 0, '', 'A'),
('2BU21CS023', '21UH36', 0, 0, 0, 0, 0, 0, 0, 0, '', 'A'),
('2BU21CS024', '21UH36', 0, 0, 0, 0, 0, 0, 0, 0, '', 'A'),
('2BU21CS025', '21UH36', 0, 0, 0, 0, 0, 0, 0, 0, '', 'A'),
('2BU21CS026', '21UH36', 0, 0, 0, 0, 0, 0, 0, 0, '', 'A'),
('2BU21CS027', '21UH36', 0, 0, 0, 0, 0, 0, 0, 0, '', 'A'),
('2BU21CS028', '21UH36', 0, 0, 0, 0, 0, 0, 0, 0, '', 'A'),
('2BU21CS029', '21UH36', 0, 0, 0, 0, 0, 0, 0, 0, '', 'A'),
('2BU21CS030', '21UH36', 0, 0, 0, 0, 0, 0, 0, 0, '', 'A'),
('2BU21CS031', '21UH36', 0, 0, 0, 0, 0, 0, 0, 0, '', 'A'),
('2BU21CS032', '21UH36', 0, 0, 0, 0, 0, 0, 0, 0, '', 'A'),
('2BU21CS033', '21UH36', 0, 0, 0, 0, 0, 0, 0, 0, '', 'A'),
('2BU21CS034', '21UH36', 0, 0, 0, 0, 0, 0, 0, 0, '', 'A'),
('2BU21CS035', '21UH36', 0, 0, 0, 0, 0, 0, 0, 0, '', 'A'),
('2BU21CS036', '21UH36', 0, 0, 0, 0, 0, 0, 0, 0, '', 'A'),
('2BU21CS037', '21UH36', 0, 0, 0, 0, 0, 0, 0, 0, '', 'A'),
('2BU21CS038', '21UH36', 0, 0, 0, 0, 0, 0, 0, 0, '', 'A'),
('2BU21CS039', '21UH36', 0, 0, 0, 0, 0, 0, 0, 0, '', 'A'),
('2BU21CS040', '21UH36', 0, 0, 0, 0, 0, 0, 0, 0, '', 'A'),
('2BU21CS041', '21UH36', 0, 0, 0, 0, 0, 0, 0, 0, '', 'A'),
('2BU21CS042', '21UH36', 0, 0, 0, 0, 0, 0, 0, 0, '', 'A'),
('2BU21CS043', '21UH36', 0, 0, 0, 0, 0, 0, 0, 0, '', 'A'),
('2BU21CS044', '21UH36', 0, 0, 0, 0, 0, 0, 0, 0, '', 'A'),
('2BU21CS045', '21UH36', 0, 0, 0, 0, 0, 0, 0, 0, '', 'A'),
('2BU21CS046', '21UH36', 0, 0, 0, 0, 0, 0, 0, 0, '', 'A'),
('2BU21CS047', '21UH36', 0, 0, 0, 0, 0, 0, 0, 0, '', 'A'),
('2BU21CS048', '21UH36', 0, 0, 0, 0, 0, 0, 0, 0, '', 'A'),
('2BU21CS050', '21UH36', 0, 0, 0, 0, 0, 0, 0, 0, '', 'A'),
('2BU21CS051', '21UH36', 0, 0, 0, 0, 0, 0, 0, 0, '', 'A'),
('2BU21CS052', '21UH36', 0, 0, 0, 0, 0, 0, 0, 0, '', 'A'),
('2BU21CS053', '21UH36', 0, 0, 0, 0, 0, 0, 0, 0, '', 'A'),
('2BU21CS054', '21UH36', 0, 0, 0, 0, 0, 0, 0, 0, '', 'A'),
('2BU21CS055', '21UH36', 0, 0, 0, 0, 0, 0, 0, 0, '', 'A'),
('2BU21CS056', '21UH36', 0, 0, 0, 0, 0, 0, 0, 0, '', 'A'),
('2BU21CS057', '21UH36', 0, 0, 0, 0, 0, 0, 0, 0, '', 'A'),
('2BU21CS058', '21UH36', 0, 0, 0, 0, 0, 0, 0, 0, '', 'A'),
('2BU21CS059', '21UH36', 0, 0, 0, 0, 0, 0, 0, 0, '', 'A'),
('2BU21CS060', '21UH36', 0, 0, 0, 0, 0, 0, 0, 0, '', 'A'),
('2BU21CS061', '21UH36', 0, 0, 0, 0, 0, 0, 0, 0, '', 'A'),
('2BU21CS062', '21UH36', 0, 0, 0, 0, 0, 0, 0, 0, '', 'A'),
('2BU21CS063', '21UH36', 0, 0, 0, 0, 0, 0, 0, 0, '', 'A'),
('2BU22CS400', '21UH36', 0, 0, 0, 0, 0, 0, 0, 0, '', 'A'),
('2BU22CS401', '21UH36', 0, 0, 0, 0, 0, 0, 0, 0, '', 'A'),
('2BU22CS402', '21UH36', 0, 0, 0, 0, 0, 0, 0, 0, '', 'A'),
('2BU22CS403', '21UH36', 0, 0, 0, 0, 0, 0, 0, 0, '', 'A'),
('2BU22CS404', '21UH36', 0, 0, 0, 0, 0, 0, 0, 0, '', 'A'),
('2BU22CS405', '21UH36', 0, 0, 0, 0, 0, 0, 0, 0, '', 'A'),
('2BU21CS064', '21UH36', 0, 0, 0, 0, 0, 0, 0, 0, '', 'B'),
('2BU21CS065', '21UH36', 0, 0, 0, 0, 0, 0, 0, 0, '', 'B'),
('2BU21CS066', '21UH36', 0, 0, 0, 0, 0, 0, 0, 0, '', 'B'),
('2BU21CS067', '21UH36', 0, 0, 0, 0, 0, 0, 0, 0, '', 'B'),
('2BU21CS069', '21UH36', 0, 0, 0, 0, 0, 0, 0, 0, '', 'B'),
('2BU21CS070', '21UH36', 0, 0, 0, 0, 0, 0, 0, 0, '', 'B'),
('2BU21CS071', '21UH36', 0, 0, 0, 0, 0, 0, 0, 0, '', 'B'),
('2BU21CS072', '21UH36', 0, 0, 0, 0, 0, 0, 0, 0, '', 'B'),
('2BU21CS073', '21UH36', 0, 0, 0, 0, 0, 0, 0, 0, '', 'B'),
('2BU21CS074', '21UH36', 0, 0, 0, 0, 0, 0, 0, 0, '', 'B'),
('2BU21CS075', '21UH36', 0, 0, 0, 0, 0, 0, 0, 0, '', 'B'),
('2BU21CS076', '21UH36', 0, 0, 0, 0, 0, 0, 0, 0, '', 'B'),
('2BU21CS078', '21UH36', 0, 0, 0, 0, 0, 0, 0, 0, '', 'B'),
('2BU21CS079', '21UH36', 0, 0, 0, 0, 0, 0, 0, 0, '', 'B'),
('2BU21CS080', '21UH36', 0, 0, 0, 0, 0, 0, 0, 0, '', 'B'),
('2BU21CS081', '21UH36', 0, 0, 0, 0, 0, 0, 0, 0, '', 'B'),
('2BU21CS082', '21UH36', 0, 0, 0, 0, 0, 0, 0, 0, '', 'B'),
('2BU21CS083', '21UH36', 0, 0, 0, 0, 0, 0, 0, 0, '', 'B'),
('2BU21CS084', '21UH36', 0, 0, 0, 0, 0, 0, 0, 0, '', 'B'),
('2BU21CS085', '21UH36', 0, 0, 0, 0, 0, 0, 0, 0, '', 'B'),
('2BU21CS086', '21UH36', 0, 0, 0, 0, 0, 0, 0, 0, '', 'B'),
('2BU21CS087', '21UH36', 0, 0, 0, 0, 0, 0, 0, 0, '', 'B'),
('2BU21CS088', '21UH36', 0, 0, 0, 0, 0, 0, 0, 0, '', 'B'),
('2BU21CS089', '21UH36', 0, 0, 0, 0, 0, 0, 0, 0, '', 'B'),
('2BU21CS090', '21UH36', 0, 0, 0, 0, 0, 0, 0, 0, '', 'B'),
('2BU21CS091', '21UH36', 0, 0, 0, 0, 0, 0, 0, 0, '', 'B'),
('2BU21CS092', '21UH36', 0, 0, 0, 0, 0, 0, 0, 0, '', 'B'),
('2BU21CS093', '21UH36', 0, 0, 0, 0, 0, 0, 0, 0, '', 'B'),
('2BU21CS094', '21UH36', 0, 0, 0, 0, 0, 0, 0, 0, '', 'B'),
('2BU21CS095', '21UH36', 0, 0, 0, 0, 0, 0, 0, 0, '', 'B'),
('2BU21CS096', '21UH36', 0, 0, 0, 0, 0, 0, 0, 0, '', 'B'),
('2BU21CS097', '21UH36', 0, 0, 0, 0, 0, 0, 0, 0, '', 'B'),
('2BU21CS098', '21UH36', 0, 0, 0, 0, 0, 0, 0, 0, '', 'B'),
('2BU21CS099', '21UH36', 0, 0, 0, 0, 0, 0, 0, 0, '', 'B'),
('2BU21CS100', '21UH36', 0, 0, 0, 0, 0, 0, 0, 0, '', 'B'),
('2BU21CS101', '21UH36', 0, 0, 0, 0, 0, 0, 0, 0, '', 'B'),
('2BU21CS102', '21UH36', 0, 0, 0, 0, 0, 0, 0, 0, '', 'B'),
('2BU21CS103', '21UH36', 0, 0, 0, 0, 0, 0, 0, 0, '', 'B'),
('2BU21CS104', '21UH36', 0, 0, 0, 0, 0, 0, 0, 0, '', 'B'),
('2BU21CS105', '21UH36', 0, 0, 0, 0, 0, 0, 0, 0, '', 'B'),
('2BU21CS106', '21UH36', 0, 0, 0, 0, 0, 0, 0, 0, '', 'B'),
('2BU21CS107', '21UH36', 0, 0, 0, 0, 0, 0, 0, 0, '', 'B'),
('2BU21CS108', '21UH36', 0, 0, 0, 0, 0, 0, 0, 0, '', 'B'),
('2BU21CS109', '21UH36', 0, 0, 0, 0, 0, 0, 0, 0, '', 'B'),
('2BU21CS110', '21UH36', 0, 0, 0, 0, 0, 0, 0, 0, '', 'B'),
('2BU21CS111', '21UH36', 0, 0, 0, 0, 0, 0, 0, 0, '', 'B'),
('2BU21CS112', '21UH36', 0, 0, 0, 0, 0, 0, 0, 0, '', 'B'),
('2BU21CS113', '21UH36', 0, 0, 0, 0, 0, 0, 0, 0, '', 'B'),
('2BU21CS114', '21UH36', 0, 0, 0, 0, 0, 0, 0, 0, '', 'B'),
('2BU21CS115', '21UH36', 0, 0, 0, 0, 0, 0, 0, 0, '', 'B'),
('2BU21CS116', '21UH36', 0, 0, 0, 0, 0, 0, 0, 0, '', 'B'),
('2BU21CS117', '21UH36', 0, 0, 0, 0, 0, 0, 0, 0, '', 'B'),
('2BU21CS118', '21UH36', 0, 0, 0, 0, 0, 0, 0, 0, '', 'B'),
('2BU21CS119', '21UH36', 0, 0, 0, 0, 0, 0, 0, 0, '', 'B'),
('2BU21CS120', '21UH36', 0, 0, 0, 0, 0, 0, 0, 0, '', 'B'),
('2BU21CS121', '21UH36', 0, 0, 0, 0, 0, 0, 0, 0, '', 'B'),
('2BU21CS122', '21UH36', 0, 0, 0, 0, 0, 0, 0, 0, '', 'B'),
('2BU21CS123', '21UH36', 0, 0, 0, 0, 0, 0, 0, 0, '', 'B'),
('2BU21CS124', '21UH36', 0, 0, 0, 0, 0, 0, 0, 0, '', 'B'),
('2BU21CS125', '21UH36', 0, 0, 0, 0, 0, 0, 0, 0, '', 'B'),
('2BU21CS126', '21UH36', 0, 0, 0, 0, 0, 0, 0, 0, '', 'B'),
('2BU22CS406', '21UH36', 0, 0, 0, 0, 0, 0, 0, 0, '', 'B'),
('2BU22CS407', '21UH36', 0, 0, 0, 0, 0, 0, 0, 0, '', 'B'),
('2BU22CS408', '21UH36', 0, 0, 0, 0, 0, 0, 0, 0, '', 'B'),
('2BU22CS409', '21UH36', 0, 0, 0, 0, 0, 0, 0, 0, '', 'B'),
('2BU22CS410', '21UH36', 0, 0, 0, 0, 0, 0, 0, 0, '', 'B'),
('2BU22CS411', '21UH36', 0, 0, 0, 0, 0, 0, 0, 0, '', 'B'),
('2BU21CS127', '21UH36', 0, 0, 0, 0, 0, 0, 0, 0, '', 'C'),
('2BU21CS128', '21UH36', 0, 0, 0, 0, 0, 0, 0, 0, '', 'C'),
('2BU21CS129', '21UH36', 0, 0, 0, 0, 0, 0, 0, 0, '', 'C'),
('2BU21CS130', '21UH36', 0, 0, 0, 0, 0, 0, 0, 0, '', 'C'),
('2BU21CS131', '21UH36', 0, 0, 0, 0, 0, 0, 0, 0, '', 'C'),
('2BU21CS132', '21UH36', 0, 0, 0, 0, 0, 0, 0, 0, '', 'C'),
('2BU21CS133', '21UH36', 0, 0, 0, 0, 0, 0, 0, 0, '', 'C'),
('2BU21CS134', '21UH36', 0, 0, 0, 0, 0, 0, 0, 0, '', 'C'),
('2BU21CS135', '21UH36', 0, 0, 0, 0, 0, 0, 0, 0, '', 'C'),
('2BU21CS136', '21UH36', 0, 0, 0, 0, 0, 0, 0, 0, '', 'C'),
('2BU21CS137', '21UH36', 0, 0, 0, 0, 0, 0, 0, 0, '', 'C'),
('2BU21CS138', '21UH36', 0, 0, 0, 0, 0, 0, 0, 0, '', 'C'),
('2BU21CS139', '21UH36', 0, 0, 0, 0, 0, 0, 0, 0, '', 'C'),
('2BU21CS140', '21UH36', 0, 0, 0, 0, 0, 0, 0, 0, '', 'C'),
('2BU21CS141', '21UH36', 0, 0, 0, 0, 0, 0, 0, 0, '', 'C'),
('2BU21CS142', '21UH36', 0, 0, 0, 0, 0, 0, 0, 0, '', 'C'),
('2BU21CS143', '21UH36', 0, 0, 0, 0, 0, 0, 0, 0, '', 'C'),
('2BU21CS144', '21UH36', 0, 0, 0, 0, 0, 0, 0, 0, '', 'C'),
('2BU21CS145', '21UH36', 0, 0, 0, 0, 0, 0, 0, 0, '', 'C'),
('2BU21CS146', '21UH36', 0, 0, 0, 0, 0, 0, 0, 0, '', 'C'),
('2BU21CS147', '21UH36', 0, 0, 0, 0, 0, 0, 0, 0, '', 'C'),
('2BU21CS148', '21UH36', 0, 0, 0, 0, 0, 0, 0, 0, '', 'C'),
('2BU21CS149', '21UH36', 0, 0, 0, 0, 0, 0, 0, 0, '', 'C'),
('2BU21CS150', '21UH36', 0, 0, 0, 0, 0, 0, 0, 0, '', 'C'),
('2BU21CS151', '21UH36', 0, 0, 0, 0, 0, 0, 0, 0, '', 'C'),
('2BU21CS152', '21UH36', 0, 0, 0, 0, 0, 0, 0, 0, '', 'C'),
('2BU21CS153', '21UH36', 0, 0, 0, 0, 0, 0, 0, 0, '', 'C'),
('2BU21CS154', '21UH36', 0, 0, 0, 0, 0, 0, 0, 0, '', 'C'),
('2BU21CS155', '21UH36', 0, 0, 0, 0, 0, 0, 0, 0, '', 'C'),
('2BU21CS156', '21UH36', 0, 0, 0, 0, 0, 0, 0, 0, '', 'C'),
('2BU21CS157', '21UH36', 0, 0, 0, 0, 0, 0, 0, 0, '', 'C'),
('2BU21CS158', '21UH36', 0, 0, 0, 0, 0, 0, 0, 0, '', 'C'),
('2BU21CS159', '21UH36', 0, 0, 0, 0, 0, 0, 0, 0, '', 'C'),
('2BU21CS160', '21UH36', 0, 0, 0, 0, 0, 0, 0, 0, '', 'C'),
('2BU21CS161', '21UH36', 0, 0, 0, 0, 0, 0, 0, 0, '', 'C'),
('2BU21CS162', '21UH36', 0, 0, 0, 0, 0, 0, 0, 0, '', 'C'),
('2BU21CS163', '21UH36', 0, 0, 0, 0, 0, 0, 0, 0, '', 'C'),
('2BU21CS164', '21UH36', 0, 0, 0, 0, 0, 0, 0, 0, '', 'C'),
('2BU21CS165', '21UH36', 0, 0, 0, 0, 0, 0, 0, 0, '', 'C'),
('2BU21CS166', '21UH36', 0, 0, 0, 0, 0, 0, 0, 0, '', 'C'),
('2BU21CS167', '21UH36', 0, 0, 0, 0, 0, 0, 0, 0, '', 'C'),
('2BU21CS168', '21UH36', 0, 0, 0, 0, 0, 0, 0, 0, '', 'C'),
('2BU21CS169', '21UH36', 0, 0, 0, 0, 0, 0, 0, 0, '', 'C'),
('2BU21CS170', '21UH36', 0, 0, 0, 0, 0, 0, 0, 0, '', 'C'),
('2BU21CS171', '21UH36', 0, 0, 0, 0, 0, 0, 0, 0, '', 'C'),
('2BU21CS172', '21UH36', 0, 0, 0, 0, 0, 0, 0, 0, '', 'C'),
('2BU21CS173', '21UH36', 0, 0, 0, 0, 0, 0, 0, 0, '', 'C'),
('2BU21CS174', '21UH36', 0, 0, 0, 0, 0, 0, 0, 0, '', 'C'),
('2BU21CS175', '21UH36', 0, 0, 0, 0, 0, 0, 0, 0, '', 'C'),
('2BU21CS176', '21UH36', 0, 0, 0, 0, 0, 0, 0, 0, '', 'C'),
('2BU21CS177', '21UH36', 0, 0, 0, 0, 0, 0, 0, 0, '', 'C'),
('2BU21CS178', '21UH36', 0, 0, 0, 0, 0, 0, 0, 0, '', 'C'),
('2BU21CS179', '21UH36', 0, 0, 0, 0, 0, 0, 0, 0, '', 'C'),
('2BU21CS180', '21UH36', 0, 0, 0, 0, 0, 0, 0, 0, '', 'C'),
('2BU21CS181', '21UH36', 0, 0, 0, 0, 0, 0, 0, 0, '', 'C'),
('2BU21CS182', '21UH36', 0, 0, 0, 0, 0, 0, 0, 0, '', 'C'),
('2BU21CS183', '21UH36', 0, 0, 0, 0, 0, 0, 0, 0, '', 'C'),
('2BU21CS184', '21UH36', 0, 0, 0, 0, 0, 0, 0, 0, '', 'C'),
('2BU21CS185', '21UH36', 0, 0, 0, 0, 0, 0, 0, 0, '', 'C'),
('2BU21CS186', '21UH36', 0, 0, 0, 0, 0, 0, 0, 0, '', 'C'),
('2BU21CS187', '21UH36', 0, 0, 0, 0, 0, 0, 0, 0, '', 'C'),
('2BU21CS188', '21UH36', 0, 0, 0, 0, 0, 0, 0, 0, '', 'C'),
('2BU22CS412', '21UH36', 0, 0, 0, 0, 0, 0, 0, 0, '', 'C'),
('2BU22CS413', '21UH36', 0, 0, 0, 0, 0, 0, 0, 0, '', 'C'),
('2BU22CS414', '21UH36', 0, 0, 0, 0, 0, 0, 0, 0, '', 'C'),
('2BU22CS415', '21UH36', 0, 0, 0, 0, 0, 0, 0, 0, '', 'C'),
('2BU22CS416', '21UH36', 0, 0, 0, 0, 0, 0, 0, 0, '', 'C'),
('2BU22CS417', '21UH36', 0, 0, 0, 0, 0, 0, 0, 0, '', 'C'),
('2BU21CS001', '21CS382', 0, 0, 0, 0, 0, 0, 0, 0, '', 'A'),
('2BU21CS002', '21CS382', 0, 0, 0, 0, 0, 0, 0, 0, '', 'A'),
('2BU21CS003', '21CS382', 0, 0, 0, 0, 0, 0, 0, 0, '', 'A'),
('2BU21CS004', '21CS382', 0, 0, 0, 0, 0, 0, 0, 0, '', 'A'),
('2BU21CS005', '21CS382', 0, 0, 0, 0, 0, 0, 0, 0, '', 'A'),
('2BU21CS006', '21CS382', 0, 0, 0, 0, 0, 0, 0, 0, '', 'A'),
('2BU21CS007', '21CS382', 0, 0, 0, 0, 0, 0, 0, 0, '', 'A'),
('2BU21CS008', '21CS382', 0, 0, 0, 0, 0, 0, 0, 0, '', 'A'),
('2BU21CS009', '21CS382', 0, 0, 0, 0, 0, 0, 0, 0, '', 'A'),
('2BU21CS010', '21CS382', 0, 0, 0, 0, 0, 0, 0, 0, '', 'A'),
('2BU21CS011', '21CS382', 0, 0, 0, 0, 0, 0, 0, 0, '', 'A'),
('2BU21CS012', '21CS382', 0, 0, 0, 0, 0, 0, 0, 0, '', 'A'),
('2BU21CS013', '21CS382', 0, 0, 0, 0, 0, 0, 0, 0, '', 'A'),
('2BU21CS014', '21CS382', 0, 0, 0, 0, 0, 0, 0, 0, '', 'A'),
('2BU21CS015', '21CS382', 0, 0, 0, 0, 0, 0, 0, 0, '', 'A'),
('2BU21CS016', '21CS382', 0, 0, 0, 0, 0, 0, 0, 0, '', 'A'),
('2BU21CS017', '21CS382', 0, 0, 0, 0, 0, 0, 0, 0, '', 'A'),
('2BU21CS018', '21CS382', 0, 0, 0, 0, 0, 0, 0, 0, '', 'A'),
('2BU21CS019', '21CS382', 0, 0, 0, 0, 0, 0, 0, 0, '', 'A'),
('2BU21CS020', '21CS382', 0, 0, 0, 0, 0, 0, 0, 0, '', 'A'),
('2BU21CS021', '21CS382', 0, 0, 0, 0, 0, 0, 0, 0, '', 'A'),
('2BU21CS022', '21CS382', 0, 0, 0, 0, 0, 0, 0, 0, '', 'A'),
('2BU21CS023', '21CS382', 0, 0, 0, 0, 0, 0, 0, 0, '', 'A'),
('2BU21CS024', '21CS382', 0, 0, 0, 0, 0, 0, 0, 0, '', 'A'),
('2BU21CS025', '21CS382', 0, 0, 0, 0, 0, 0, 0, 0, '', 'A'),
('2BU21CS026', '21CS382', 0, 0, 0, 0, 0, 0, 0, 0, '', 'A'),
('2BU21CS027', '21CS382', 0, 0, 0, 0, 0, 0, 0, 0, '', 'A'),
('2BU21CS028', '21CS382', 0, 0, 0, 0, 0, 0, 0, 0, '', 'A'),
('2BU21CS029', '21CS382', 0, 0, 0, 0, 0, 0, 0, 0, '', 'A'),
('2BU21CS030', '21CS382', 0, 0, 0, 0, 0, 0, 0, 0, '', 'A'),
('2BU21CS031', '21CS382', 0, 0, 0, 0, 0, 0, 0, 0, '', 'A'),
('2BU21CS032', '21CS382', 0, 0, 0, 0, 0, 0, 0, 0, '', 'A'),
('2BU21CS033', '21CS382', 0, 0, 0, 0, 0, 0, 0, 0, '', 'A'),
('2BU21CS034', '21CS382', 0, 0, 0, 0, 0, 0, 0, 0, '', 'A'),
('2BU21CS035', '21CS382', 0, 0, 0, 0, 0, 0, 0, 0, '', 'A'),
('2BU21CS036', '21CS382', 0, 0, 0, 0, 0, 0, 0, 0, '', 'A'),
('2BU21CS037', '21CS382', 0, 0, 0, 0, 0, 0, 0, 0, '', 'A'),
('2BU21CS038', '21CS382', 0, 0, 0, 0, 0, 0, 0, 0, '', 'A'),
('2BU21CS039', '21CS382', 0, 0, 0, 0, 0, 0, 0, 0, '', 'A'),
('2BU21CS040', '21CS382', 0, 0, 0, 0, 0, 0, 0, 0, '', 'A'),
('2BU21CS041', '21CS382', 0, 0, 0, 0, 0, 0, 0, 0, '', 'A'),
('2BU21CS042', '21CS382', 0, 0, 0, 0, 0, 0, 0, 0, '', 'A'),
('2BU21CS043', '21CS382', 0, 0, 0, 0, 0, 0, 0, 0, '', 'A'),
('2BU21CS044', '21CS382', 0, 0, 0, 0, 0, 0, 0, 0, '', 'A'),
('2BU21CS045', '21CS382', 0, 0, 0, 0, 0, 0, 0, 0, '', 'A'),
('2BU21CS046', '21CS382', 0, 0, 0, 0, 0, 0, 0, 0, '', 'A'),
('2BU21CS047', '21CS382', 0, 0, 0, 0, 0, 0, 0, 0, '', 'A'),
('2BU21CS048', '21CS382', 0, 0, 0, 0, 0, 0, 0, 0, '', 'A'),
('2BU21CS050', '21CS382', 0, 0, 0, 0, 0, 0, 0, 0, '', 'A'),
('2BU21CS051', '21CS382', 0, 0, 0, 0, 0, 0, 0, 0, '', 'A'),
('2BU21CS052', '21CS382', 0, 0, 0, 0, 0, 0, 0, 0, '', 'A'),
('2BU21CS053', '21CS382', 0, 0, 0, 0, 0, 0, 0, 0, '', 'A'),
('2BU21CS054', '21CS382', 0, 0, 0, 0, 0, 0, 0, 0, '', 'A'),
('2BU21CS055', '21CS382', 0, 0, 0, 0, 0, 0, 0, 0, '', 'A'),
('2BU21CS056', '21CS382', 0, 0, 0, 0, 0, 0, 0, 0, '', 'A'),
('2BU21CS057', '21CS382', 0, 0, 0, 0, 0, 0, 0, 0, '', 'A'),
('2BU21CS058', '21CS382', 0, 0, 0, 0, 0, 0, 0, 0, '', 'A'),
('2BU21CS059', '21CS382', 0, 0, 0, 0, 0, 0, 0, 0, '', 'A'),
('2BU21CS060', '21CS382', 0, 0, 0, 0, 0, 0, 0, 0, '', 'A'),
('2BU21CS061', '21CS382', 0, 0, 0, 0, 0, 0, 0, 0, '', 'A'),
('2BU21CS062', '21CS382', 0, 0, 0, 0, 0, 0, 0, 0, '', 'A'),
('2BU21CS063', '21CS382', 0, 0, 0, 0, 0, 0, 0, 0, '', 'A'),
('2BU22CS400', '21CS382', 0, 0, 0, 0, 0, 0, 0, 0, '', 'A'),
('2BU22CS401', '21CS382', 0, 0, 0, 0, 0, 0, 0, 0, '', 'A'),
('2BU22CS402', '21CS382', 0, 0, 0, 0, 0, 0, 0, 0, '', 'A'),
('2BU22CS403', '21CS382', 0, 0, 0, 0, 0, 0, 0, 0, '', 'A'),
('2BU22CS404', '21CS382', 0, 0, 0, 0, 0, 0, 0, 0, '', 'A'),
('2BU22CS405', '21CS382', 0, 0, 0, 0, 0, 0, 0, 0, '', 'A'),
('2BU21CS064', '21CS382', 0, 0, 0, 0, 0, 0, 0, 0, '', 'B'),
('2BU21CS065', '21CS382', 0, 0, 0, 0, 0, 0, 0, 0, '', 'B'),
('2BU21CS066', '21CS382', 0, 0, 0, 0, 0, 0, 0, 0, '', 'B'),
('2BU21CS067', '21CS382', 0, 0, 0, 0, 0, 0, 0, 0, '', 'B'),
('2BU21CS069', '21CS382', 0, 0, 0, 0, 0, 0, 0, 0, '', 'B'),
('2BU21CS070', '21CS382', 0, 0, 0, 0, 0, 0, 0, 0, '', 'B'),
('2BU21CS071', '21CS382', 0, 0, 0, 0, 0, 0, 0, 0, '', 'B'),
('2BU21CS072', '21CS382', 0, 0, 0, 0, 0, 0, 0, 0, '', 'B'),
('2BU21CS073', '21CS382', 0, 0, 0, 0, 0, 0, 0, 0, '', 'B'),
('2BU21CS074', '21CS382', 0, 0, 0, 0, 0, 0, 0, 0, '', 'B'),
('2BU21CS075', '21CS382', 0, 0, 0, 0, 0, 0, 0, 0, '', 'B'),
('2BU21CS076', '21CS382', 0, 0, 0, 0, 0, 0, 0, 0, '', 'B'),
('2BU21CS078', '21CS382', 0, 0, 0, 0, 0, 0, 0, 0, '', 'B'),
('2BU21CS079', '21CS382', 0, 0, 0, 0, 0, 0, 0, 0, '', 'B'),
('2BU21CS080', '21CS382', 0, 0, 0, 0, 0, 0, 0, 0, '', 'B'),
('2BU21CS081', '21CS382', 0, 0, 0, 0, 0, 0, 0, 0, '', 'B'),
('2BU21CS082', '21CS382', 0, 0, 0, 0, 0, 0, 0, 0, '', 'B'),
('2BU21CS083', '21CS382', 0, 0, 0, 0, 0, 0, 0, 0, '', 'B'),
('2BU21CS084', '21CS382', 0, 0, 0, 0, 0, 0, 0, 0, '', 'B'),
('2BU21CS085', '21CS382', 0, 0, 0, 0, 0, 0, 0, 0, '', 'B'),
('2BU21CS086', '21CS382', 0, 0, 0, 0, 0, 0, 0, 0, '', 'B'),
('2BU21CS087', '21CS382', 0, 0, 0, 0, 0, 0, 0, 0, '', 'B'),
('2BU21CS088', '21CS382', 0, 0, 0, 0, 0, 0, 0, 0, '', 'B'),
('2BU21CS089', '21CS382', 0, 0, 0, 0, 0, 0, 0, 0, '', 'B'),
('2BU21CS090', '21CS382', 0, 0, 0, 0, 0, 0, 0, 0, '', 'B'),
('2BU21CS091', '21CS382', 0, 0, 0, 0, 0, 0, 0, 0, '', 'B'),
('2BU21CS092', '21CS382', 0, 0, 0, 0, 0, 0, 0, 0, '', 'B'),
('2BU21CS093', '21CS382', 0, 0, 0, 0, 0, 0, 0, 0, '', 'B'),
('2BU21CS094', '21CS382', 0, 0, 0, 0, 0, 0, 0, 0, '', 'B'),
('2BU21CS095', '21CS382', 0, 0, 0, 0, 0, 0, 0, 0, '', 'B'),
('2BU21CS096', '21CS382', 0, 0, 0, 0, 0, 0, 0, 0, '', 'B'),
('2BU21CS097', '21CS382', 0, 0, 0, 0, 0, 0, 0, 0, '', 'B'),
('2BU21CS098', '21CS382', 0, 0, 0, 0, 0, 0, 0, 0, '', 'B'),
('2BU21CS099', '21CS382', 0, 0, 0, 0, 0, 0, 0, 0, '', 'B'),
('2BU21CS100', '21CS382', 0, 0, 0, 0, 0, 0, 0, 0, '', 'B'),
('2BU21CS101', '21CS382', 0, 0, 0, 0, 0, 0, 0, 0, '', 'B'),
('2BU21CS102', '21CS382', 0, 0, 0, 0, 0, 0, 0, 0, '', 'B');
INSERT INTO `iascore` (`usn`, `scode`, `m1`, `m2`, `m3`, `avg1`, `ass1`, `ass2`, `gtotal`, `percAttendance`, `fname`, `division`) VALUES
('2BU21CS103', '21CS382', 0, 0, 0, 0, 0, 0, 0, 0, '', 'B'),
('2BU21CS104', '21CS382', 0, 0, 0, 0, 0, 0, 0, 0, '', 'B'),
('2BU21CS105', '21CS382', 0, 0, 0, 0, 0, 0, 0, 0, '', 'B'),
('2BU21CS106', '21CS382', 0, 0, 0, 0, 0, 0, 0, 0, '', 'B'),
('2BU21CS107', '21CS382', 0, 0, 0, 0, 0, 0, 0, 0, '', 'B'),
('2BU21CS108', '21CS382', 0, 0, 0, 0, 0, 0, 0, 0, '', 'B'),
('2BU21CS109', '21CS382', 0, 0, 0, 0, 0, 0, 0, 0, '', 'B'),
('2BU21CS110', '21CS382', 0, 0, 0, 0, 0, 0, 0, 0, '', 'B'),
('2BU21CS111', '21CS382', 0, 0, 0, 0, 0, 0, 0, 0, '', 'B'),
('2BU21CS112', '21CS382', 0, 0, 0, 0, 0, 0, 0, 0, '', 'B'),
('2BU21CS113', '21CS382', 0, 0, 0, 0, 0, 0, 0, 0, '', 'B'),
('2BU21CS114', '21CS382', 0, 0, 0, 0, 0, 0, 0, 0, '', 'B'),
('2BU21CS115', '21CS382', 0, 0, 0, 0, 0, 0, 0, 0, '', 'B'),
('2BU21CS116', '21CS382', 0, 0, 0, 0, 0, 0, 0, 0, '', 'B'),
('2BU21CS117', '21CS382', 0, 0, 0, 0, 0, 0, 0, 0, '', 'B'),
('2BU21CS118', '21CS382', 0, 0, 0, 0, 0, 0, 0, 0, '', 'B'),
('2BU21CS119', '21CS382', 0, 0, 0, 0, 0, 0, 0, 0, '', 'B'),
('2BU21CS120', '21CS382', 0, 0, 0, 0, 0, 0, 0, 0, '', 'B'),
('2BU21CS121', '21CS382', 0, 0, 0, 0, 0, 0, 0, 0, '', 'B'),
('2BU21CS122', '21CS382', 0, 0, 0, 0, 0, 0, 0, 0, '', 'B'),
('2BU21CS123', '21CS382', 0, 0, 0, 0, 0, 0, 0, 0, '', 'B'),
('2BU21CS124', '21CS382', 0, 0, 0, 0, 0, 0, 0, 0, '', 'B'),
('2BU21CS125', '21CS382', 0, 0, 0, 0, 0, 0, 0, 0, '', 'B'),
('2BU21CS126', '21CS382', 0, 0, 0, 0, 0, 0, 0, 0, '', 'B'),
('2BU22CS406', '21CS382', 0, 0, 0, 0, 0, 0, 0, 0, '', 'B'),
('2BU22CS407', '21CS382', 0, 0, 0, 0, 0, 0, 0, 0, '', 'B'),
('2BU22CS408', '21CS382', 0, 0, 0, 0, 0, 0, 0, 0, '', 'B'),
('2BU22CS409', '21CS382', 0, 0, 0, 0, 0, 0, 0, 0, '', 'B'),
('2BU22CS410', '21CS382', 0, 0, 0, 0, 0, 0, 0, 0, '', 'B'),
('2BU22CS411', '21CS382', 0, 0, 0, 0, 0, 0, 0, 0, '', 'B'),
('2BU21CS127', '21CS382', 0, 0, 0, 0, 0, 0, 0, 0, '', 'C'),
('2BU21CS128', '21CS382', 0, 0, 0, 0, 0, 0, 0, 0, '', 'C'),
('2BU21CS129', '21CS382', 0, 0, 0, 0, 0, 0, 0, 0, '', 'C'),
('2BU21CS130', '21CS382', 0, 0, 0, 0, 0, 0, 0, 0, '', 'C'),
('2BU21CS131', '21CS382', 0, 0, 0, 0, 0, 0, 0, 0, '', 'C'),
('2BU21CS132', '21CS382', 0, 0, 0, 0, 0, 0, 0, 0, '', 'C'),
('2BU21CS133', '21CS382', 0, 0, 0, 0, 0, 0, 0, 0, '', 'C'),
('2BU21CS134', '21CS382', 0, 0, 0, 0, 0, 0, 0, 0, '', 'C'),
('2BU21CS135', '21CS382', 0, 0, 0, 0, 0, 0, 0, 0, '', 'C'),
('2BU21CS136', '21CS382', 0, 0, 0, 0, 0, 0, 0, 0, '', 'C'),
('2BU21CS137', '21CS382', 0, 0, 0, 0, 0, 0, 0, 0, '', 'C'),
('2BU21CS138', '21CS382', 0, 0, 0, 0, 0, 0, 0, 0, '', 'C'),
('2BU21CS139', '21CS382', 0, 0, 0, 0, 0, 0, 0, 0, '', 'C'),
('2BU21CS140', '21CS382', 0, 0, 0, 0, 0, 0, 0, 0, '', 'C'),
('2BU21CS141', '21CS382', 0, 0, 0, 0, 0, 0, 0, 0, '', 'C'),
('2BU21CS142', '21CS382', 0, 0, 0, 0, 0, 0, 0, 0, '', 'C'),
('2BU21CS143', '21CS382', 0, 0, 0, 0, 0, 0, 0, 0, '', 'C'),
('2BU21CS144', '21CS382', 0, 0, 0, 0, 0, 0, 0, 0, '', 'C'),
('2BU21CS145', '21CS382', 0, 0, 0, 0, 0, 0, 0, 0, '', 'C'),
('2BU21CS146', '21CS382', 0, 0, 0, 0, 0, 0, 0, 0, '', 'C'),
('2BU21CS147', '21CS382', 0, 0, 0, 0, 0, 0, 0, 0, '', 'C'),
('2BU21CS148', '21CS382', 0, 0, 0, 0, 0, 0, 0, 0, '', 'C'),
('2BU21CS149', '21CS382', 0, 0, 0, 0, 0, 0, 0, 0, '', 'C'),
('2BU21CS150', '21CS382', 0, 0, 0, 0, 0, 0, 0, 0, '', 'C'),
('2BU21CS151', '21CS382', 0, 0, 0, 0, 0, 0, 0, 0, '', 'C'),
('2BU21CS152', '21CS382', 0, 0, 0, 0, 0, 0, 0, 0, '', 'C'),
('2BU21CS153', '21CS382', 0, 0, 0, 0, 0, 0, 0, 0, '', 'C'),
('2BU21CS154', '21CS382', 0, 0, 0, 0, 0, 0, 0, 0, '', 'C'),
('2BU21CS155', '21CS382', 0, 0, 0, 0, 0, 0, 0, 0, '', 'C'),
('2BU21CS156', '21CS382', 0, 0, 0, 0, 0, 0, 0, 0, '', 'C'),
('2BU21CS157', '21CS382', 0, 0, 0, 0, 0, 0, 0, 0, '', 'C'),
('2BU21CS158', '21CS382', 0, 0, 0, 0, 0, 0, 0, 0, '', 'C'),
('2BU21CS159', '21CS382', 0, 0, 0, 0, 0, 0, 0, 0, '', 'C'),
('2BU21CS160', '21CS382', 0, 0, 0, 0, 0, 0, 0, 0, '', 'C'),
('2BU21CS161', '21CS382', 0, 0, 0, 0, 0, 0, 0, 0, '', 'C'),
('2BU21CS162', '21CS382', 0, 0, 0, 0, 0, 0, 0, 0, '', 'C'),
('2BU21CS163', '21CS382', 0, 0, 0, 0, 0, 0, 0, 0, '', 'C'),
('2BU21CS164', '21CS382', 0, 0, 0, 0, 0, 0, 0, 0, '', 'C'),
('2BU21CS165', '21CS382', 0, 0, 0, 0, 0, 0, 0, 0, '', 'C'),
('2BU21CS166', '21CS382', 0, 0, 0, 0, 0, 0, 0, 0, '', 'C'),
('2BU21CS167', '21CS382', 0, 0, 0, 0, 0, 0, 0, 0, '', 'C'),
('2BU21CS168', '21CS382', 0, 0, 0, 0, 0, 0, 0, 0, '', 'C'),
('2BU21CS169', '21CS382', 0, 0, 0, 0, 0, 0, 0, 0, '', 'C'),
('2BU21CS170', '21CS382', 0, 0, 0, 0, 0, 0, 0, 0, '', 'C'),
('2BU21CS171', '21CS382', 0, 0, 0, 0, 0, 0, 0, 0, '', 'C'),
('2BU21CS172', '21CS382', 0, 0, 0, 0, 0, 0, 0, 0, '', 'C'),
('2BU21CS173', '21CS382', 0, 0, 0, 0, 0, 0, 0, 0, '', 'C'),
('2BU21CS174', '21CS382', 0, 0, 0, 0, 0, 0, 0, 0, '', 'C'),
('2BU21CS175', '21CS382', 0, 0, 0, 0, 0, 0, 0, 0, '', 'C'),
('2BU21CS176', '21CS382', 0, 0, 0, 0, 0, 0, 0, 0, '', 'C'),
('2BU21CS177', '21CS382', 0, 0, 0, 0, 0, 0, 0, 0, '', 'C'),
('2BU21CS178', '21CS382', 0, 0, 0, 0, 0, 0, 0, 0, '', 'C'),
('2BU21CS179', '21CS382', 0, 0, 0, 0, 0, 0, 0, 0, '', 'C'),
('2BU21CS180', '21CS382', 0, 0, 0, 0, 0, 0, 0, 0, '', 'C'),
('2BU21CS181', '21CS382', 0, 0, 0, 0, 0, 0, 0, 0, '', 'C'),
('2BU21CS182', '21CS382', 0, 0, 0, 0, 0, 0, 0, 0, '', 'C'),
('2BU21CS183', '21CS382', 0, 0, 0, 0, 0, 0, 0, 0, '', 'C'),
('2BU21CS184', '21CS382', 0, 0, 0, 0, 0, 0, 0, 0, '', 'C'),
('2BU21CS185', '21CS382', 0, 0, 0, 0, 0, 0, 0, 0, '', 'C'),
('2BU21CS186', '21CS382', 0, 0, 0, 0, 0, 0, 0, 0, '', 'C'),
('2BU21CS187', '21CS382', 0, 0, 0, 0, 0, 0, 0, 0, '', 'C'),
('2BU21CS188', '21CS382', 0, 0, 0, 0, 0, 0, 0, 0, '', 'C'),
('2BU22CS412', '21CS382', 0, 0, 0, 0, 0, 0, 0, 0, '', 'C'),
('2BU22CS413', '21CS382', 0, 0, 0, 0, 0, 0, 0, 0, '', 'C'),
('2BU22CS414', '21CS382', 0, 0, 0, 0, 0, 0, 0, 0, '', 'C'),
('2BU22CS415', '21CS382', 0, 0, 0, 0, 0, 0, 0, 0, '', 'C'),
('2BU22CS416', '21CS382', 0, 0, 0, 0, 0, 0, 0, 0, '', 'C'),
('2BU22CS417', '21CS382', 0, 0, 0, 0, 0, 0, 0, 0, '', 'C'),
('2BU21CS001', '21CIP37', 0, 0, 0, 0, 0, 0, 0, 0, '', 'A'),
('2BU21CS002', '21CIP37', 0, 0, 0, 0, 0, 0, 0, 0, '', 'A'),
('2BU21CS003', '21CIP37', 0, 0, 0, 0, 0, 0, 0, 0, '', 'A'),
('2BU21CS004', '21CIP37', 0, 0, 0, 0, 0, 0, 0, 0, '', 'A'),
('2BU21CS005', '21CIP37', 0, 0, 0, 0, 0, 0, 0, 0, '', 'A'),
('2BU21CS006', '21CIP37', 0, 0, 0, 0, 0, 0, 0, 0, '', 'A'),
('2BU21CS007', '21CIP37', 0, 0, 0, 0, 0, 0, 0, 0, '', 'A'),
('2BU21CS008', '21CIP37', 0, 0, 0, 0, 0, 0, 0, 0, '', 'A'),
('2BU21CS009', '21CIP37', 0, 0, 0, 0, 0, 0, 0, 0, '', 'A'),
('2BU21CS010', '21CIP37', 0, 0, 0, 0, 0, 0, 0, 0, '', 'A'),
('2BU21CS011', '21CIP37', 0, 0, 0, 0, 0, 0, 0, 0, '', 'A'),
('2BU21CS012', '21CIP37', 0, 0, 0, 0, 0, 0, 0, 0, '', 'A'),
('2BU21CS013', '21CIP37', 0, 0, 0, 0, 0, 0, 0, 0, '', 'A'),
('2BU21CS014', '21CIP37', 0, 0, 0, 0, 0, 0, 0, 0, '', 'A'),
('2BU21CS015', '21CIP37', 0, 0, 0, 0, 0, 0, 0, 0, '', 'A'),
('2BU21CS016', '21CIP37', 0, 0, 0, 0, 0, 0, 0, 0, '', 'A'),
('2BU21CS017', '21CIP37', 0, 0, 0, 0, 0, 0, 0, 0, '', 'A'),
('2BU21CS018', '21CIP37', 0, 0, 0, 0, 0, 0, 0, 0, '', 'A'),
('2BU21CS019', '21CIP37', 0, 0, 0, 0, 0, 0, 0, 0, '', 'A'),
('2BU21CS020', '21CIP37', 0, 0, 0, 0, 0, 0, 0, 0, '', 'A'),
('2BU21CS021', '21CIP37', 0, 0, 0, 0, 0, 0, 0, 0, '', 'A'),
('2BU21CS022', '21CIP37', 0, 0, 0, 0, 0, 0, 0, 0, '', 'A'),
('2BU21CS023', '21CIP37', 0, 0, 0, 0, 0, 0, 0, 0, '', 'A'),
('2BU21CS024', '21CIP37', 0, 0, 0, 0, 0, 0, 0, 0, '', 'A'),
('2BU21CS025', '21CIP37', 0, 0, 0, 0, 0, 0, 0, 0, '', 'A'),
('2BU21CS026', '21CIP37', 0, 0, 0, 0, 0, 0, 0, 0, '', 'A'),
('2BU21CS027', '21CIP37', 0, 0, 0, 0, 0, 0, 0, 0, '', 'A'),
('2BU21CS028', '21CIP37', 0, 0, 0, 0, 0, 0, 0, 0, '', 'A'),
('2BU21CS029', '21CIP37', 0, 0, 0, 0, 0, 0, 0, 0, '', 'A'),
('2BU21CS030', '21CIP37', 0, 0, 0, 0, 0, 0, 0, 0, '', 'A'),
('2BU21CS031', '21CIP37', 0, 0, 0, 0, 0, 0, 0, 0, '', 'A'),
('2BU21CS032', '21CIP37', 0, 0, 0, 0, 0, 0, 0, 0, '', 'A'),
('2BU21CS033', '21CIP37', 0, 0, 0, 0, 0, 0, 0, 0, '', 'A'),
('2BU21CS034', '21CIP37', 0, 0, 0, 0, 0, 0, 0, 0, '', 'A'),
('2BU21CS035', '21CIP37', 0, 0, 0, 0, 0, 0, 0, 0, '', 'A'),
('2BU21CS036', '21CIP37', 0, 0, 0, 0, 0, 0, 0, 0, '', 'A'),
('2BU21CS037', '21CIP37', 0, 0, 0, 0, 0, 0, 0, 0, '', 'A'),
('2BU21CS038', '21CIP37', 0, 0, 0, 0, 0, 0, 0, 0, '', 'A'),
('2BU21CS039', '21CIP37', 0, 0, 0, 0, 0, 0, 0, 0, '', 'A'),
('2BU21CS040', '21CIP37', 0, 0, 0, 0, 0, 0, 0, 0, '', 'A'),
('2BU21CS041', '21CIP37', 0, 0, 0, 0, 0, 0, 0, 0, '', 'A'),
('2BU21CS042', '21CIP37', 0, 0, 0, 0, 0, 0, 0, 0, '', 'A'),
('2BU21CS043', '21CIP37', 0, 0, 0, 0, 0, 0, 0, 0, '', 'A'),
('2BU21CS044', '21CIP37', 0, 0, 0, 0, 0, 0, 0, 0, '', 'A'),
('2BU21CS045', '21CIP37', 0, 0, 0, 0, 0, 0, 0, 0, '', 'A'),
('2BU21CS046', '21CIP37', 0, 0, 0, 0, 0, 0, 0, 0, '', 'A'),
('2BU21CS047', '21CIP37', 0, 0, 0, 0, 0, 0, 0, 0, '', 'A'),
('2BU21CS048', '21CIP37', 0, 0, 0, 0, 0, 0, 0, 0, '', 'A'),
('2BU21CS050', '21CIP37', 0, 0, 0, 0, 0, 0, 0, 0, '', 'A'),
('2BU21CS051', '21CIP37', 0, 0, 0, 0, 0, 0, 0, 0, '', 'A'),
('2BU21CS052', '21CIP37', 0, 0, 0, 0, 0, 0, 0, 0, '', 'A'),
('2BU21CS053', '21CIP37', 0, 0, 0, 0, 0, 0, 0, 0, '', 'A'),
('2BU21CS054', '21CIP37', 0, 0, 0, 0, 0, 0, 0, 0, '', 'A'),
('2BU21CS055', '21CIP37', 0, 0, 0, 0, 0, 0, 0, 0, '', 'A'),
('2BU21CS056', '21CIP37', 0, 0, 0, 0, 0, 0, 0, 0, '', 'A'),
('2BU21CS057', '21CIP37', 0, 0, 0, 0, 0, 0, 0, 0, '', 'A'),
('2BU21CS058', '21CIP37', 0, 0, 0, 0, 0, 0, 0, 0, '', 'A'),
('2BU21CS059', '21CIP37', 0, 0, 0, 0, 0, 0, 0, 0, '', 'A'),
('2BU21CS060', '21CIP37', 0, 0, 0, 0, 0, 0, 0, 0, '', 'A'),
('2BU21CS061', '21CIP37', 0, 0, 0, 0, 0, 0, 0, 0, '', 'A'),
('2BU21CS062', '21CIP37', 0, 0, 0, 0, 0, 0, 0, 0, '', 'A'),
('2BU21CS063', '21CIP37', 0, 0, 0, 0, 0, 0, 0, 0, '', 'A'),
('2BU22CS400', '21CIP37', 0, 0, 0, 0, 0, 0, 0, 0, '', 'A'),
('2BU22CS401', '21CIP37', 0, 0, 0, 0, 0, 0, 0, 0, '', 'A'),
('2BU22CS402', '21CIP37', 0, 0, 0, 0, 0, 0, 0, 0, '', 'A'),
('2BU22CS403', '21CIP37', 0, 0, 0, 0, 0, 0, 0, 0, '', 'A'),
('2BU22CS404', '21CIP37', 0, 0, 0, 0, 0, 0, 0, 0, '', 'A'),
('2BU22CS405', '21CIP37', 0, 0, 0, 0, 0, 0, 0, 0, '', 'A'),
('2BU21CS064', '21CIP37', 0, 0, 0, 0, 0, 0, 0, 0, '', 'B'),
('2BU21CS065', '21CIP37', 0, 0, 0, 0, 0, 0, 0, 0, '', 'B'),
('2BU21CS066', '21CIP37', 0, 0, 0, 0, 0, 0, 0, 0, '', 'B'),
('2BU21CS067', '21CIP37', 0, 0, 0, 0, 0, 0, 0, 0, '', 'B'),
('2BU21CS069', '21CIP37', 0, 0, 0, 0, 0, 0, 0, 0, '', 'B'),
('2BU21CS070', '21CIP37', 0, 0, 0, 0, 0, 0, 0, 0, '', 'B'),
('2BU21CS071', '21CIP37', 0, 0, 0, 0, 0, 0, 0, 0, '', 'B'),
('2BU21CS072', '21CIP37', 0, 0, 0, 0, 0, 0, 0, 0, '', 'B'),
('2BU21CS073', '21CIP37', 0, 0, 0, 0, 0, 0, 0, 0, '', 'B'),
('2BU21CS074', '21CIP37', 0, 0, 0, 0, 0, 0, 0, 0, '', 'B'),
('2BU21CS075', '21CIP37', 0, 0, 0, 0, 0, 0, 0, 0, '', 'B'),
('2BU21CS076', '21CIP37', 0, 0, 0, 0, 0, 0, 0, 0, '', 'B'),
('2BU21CS078', '21CIP37', 0, 0, 0, 0, 0, 0, 0, 0, '', 'B'),
('2BU21CS079', '21CIP37', 0, 0, 0, 0, 0, 0, 0, 0, '', 'B'),
('2BU21CS080', '21CIP37', 0, 0, 0, 0, 0, 0, 0, 0, '', 'B'),
('2BU21CS081', '21CIP37', 0, 0, 0, 0, 0, 0, 0, 0, '', 'B'),
('2BU21CS082', '21CIP37', 0, 0, 0, 0, 0, 0, 0, 0, '', 'B'),
('2BU21CS083', '21CIP37', 0, 0, 0, 0, 0, 0, 0, 0, '', 'B'),
('2BU21CS084', '21CIP37', 0, 0, 0, 0, 0, 0, 0, 0, '', 'B'),
('2BU21CS085', '21CIP37', 0, 0, 0, 0, 0, 0, 0, 0, '', 'B'),
('2BU21CS086', '21CIP37', 0, 0, 0, 0, 0, 0, 0, 0, '', 'B'),
('2BU21CS087', '21CIP37', 0, 0, 0, 0, 0, 0, 0, 0, '', 'B'),
('2BU21CS088', '21CIP37', 0, 0, 0, 0, 0, 0, 0, 0, '', 'B'),
('2BU21CS089', '21CIP37', 0, 0, 0, 0, 0, 0, 0, 0, '', 'B'),
('2BU21CS090', '21CIP37', 0, 0, 0, 0, 0, 0, 0, 0, '', 'B'),
('2BU21CS091', '21CIP37', 0, 0, 0, 0, 0, 0, 0, 0, '', 'B'),
('2BU21CS092', '21CIP37', 0, 0, 0, 0, 0, 0, 0, 0, '', 'B'),
('2BU21CS093', '21CIP37', 0, 0, 0, 0, 0, 0, 0, 0, '', 'B'),
('2BU21CS094', '21CIP37', 0, 0, 0, 0, 0, 0, 0, 0, '', 'B'),
('2BU21CS095', '21CIP37', 0, 0, 0, 0, 0, 0, 0, 0, '', 'B'),
('2BU21CS096', '21CIP37', 0, 0, 0, 0, 0, 0, 0, 0, '', 'B'),
('2BU21CS097', '21CIP37', 0, 0, 0, 0, 0, 0, 0, 0, '', 'B'),
('2BU21CS098', '21CIP37', 0, 0, 0, 0, 0, 0, 0, 0, '', 'B'),
('2BU21CS099', '21CIP37', 0, 0, 0, 0, 0, 0, 0, 0, '', 'B'),
('2BU21CS100', '21CIP37', 0, 0, 0, 0, 0, 0, 0, 0, '', 'B'),
('2BU21CS101', '21CIP37', 0, 0, 0, 0, 0, 0, 0, 0, '', 'B'),
('2BU21CS102', '21CIP37', 0, 0, 0, 0, 0, 0, 0, 0, '', 'B'),
('2BU21CS103', '21CIP37', 0, 0, 0, 0, 0, 0, 0, 0, '', 'B'),
('2BU21CS104', '21CIP37', 0, 0, 0, 0, 0, 0, 0, 0, '', 'B'),
('2BU21CS105', '21CIP37', 0, 0, 0, 0, 0, 0, 0, 0, '', 'B'),
('2BU21CS106', '21CIP37', 0, 0, 0, 0, 0, 0, 0, 0, '', 'B'),
('2BU21CS107', '21CIP37', 0, 0, 0, 0, 0, 0, 0, 0, '', 'B'),
('2BU21CS108', '21CIP37', 0, 0, 0, 0, 0, 0, 0, 0, '', 'B'),
('2BU21CS109', '21CIP37', 0, 0, 0, 0, 0, 0, 0, 0, '', 'B'),
('2BU21CS110', '21CIP37', 0, 0, 0, 0, 0, 0, 0, 0, '', 'B'),
('2BU21CS111', '21CIP37', 0, 0, 0, 0, 0, 0, 0, 0, '', 'B'),
('2BU21CS112', '21CIP37', 0, 0, 0, 0, 0, 0, 0, 0, '', 'B'),
('2BU21CS113', '21CIP37', 0, 0, 0, 0, 0, 0, 0, 0, '', 'B'),
('2BU21CS114', '21CIP37', 0, 0, 0, 0, 0, 0, 0, 0, '', 'B'),
('2BU21CS115', '21CIP37', 0, 0, 0, 0, 0, 0, 0, 0, '', 'B'),
('2BU21CS116', '21CIP37', 0, 0, 0, 0, 0, 0, 0, 0, '', 'B'),
('2BU21CS117', '21CIP37', 0, 0, 0, 0, 0, 0, 0, 0, '', 'B'),
('2BU21CS118', '21CIP37', 0, 0, 0, 0, 0, 0, 0, 0, '', 'B'),
('2BU21CS119', '21CIP37', 0, 0, 0, 0, 0, 0, 0, 0, '', 'B'),
('2BU21CS120', '21CIP37', 0, 0, 0, 0, 0, 0, 0, 0, '', 'B'),
('2BU21CS121', '21CIP37', 0, 0, 0, 0, 0, 0, 0, 0, '', 'B'),
('2BU21CS122', '21CIP37', 0, 0, 0, 0, 0, 0, 0, 0, '', 'B'),
('2BU21CS123', '21CIP37', 0, 0, 0, 0, 0, 0, 0, 0, '', 'B'),
('2BU21CS124', '21CIP37', 0, 0, 0, 0, 0, 0, 0, 0, '', 'B'),
('2BU21CS125', '21CIP37', 0, 0, 0, 0, 0, 0, 0, 0, '', 'B'),
('2BU21CS126', '21CIP37', 0, 0, 0, 0, 0, 0, 0, 0, '', 'B'),
('2BU22CS406', '21CIP37', 0, 0, 0, 0, 0, 0, 0, 0, '', 'B'),
('2BU22CS407', '21CIP37', 0, 0, 0, 0, 0, 0, 0, 0, '', 'B'),
('2BU22CS408', '21CIP37', 0, 0, 0, 0, 0, 0, 0, 0, '', 'B'),
('2BU22CS409', '21CIP37', 0, 0, 0, 0, 0, 0, 0, 0, '', 'B'),
('2BU22CS410', '21CIP37', 0, 0, 0, 0, 0, 0, 0, 0, '', 'B'),
('2BU22CS411', '21CIP37', 0, 0, 0, 0, 0, 0, 0, 0, '', 'B'),
('2BU21CS127', '21CIP37', 0, 0, 0, 0, 0, 0, 0, 0, '', 'C'),
('2BU21CS128', '21CIP37', 0, 0, 0, 0, 0, 0, 0, 0, '', 'C'),
('2BU21CS129', '21CIP37', 0, 0, 0, 0, 0, 0, 0, 0, '', 'C'),
('2BU21CS130', '21CIP37', 0, 0, 0, 0, 0, 0, 0, 0, '', 'C'),
('2BU21CS131', '21CIP37', 0, 0, 0, 0, 0, 0, 0, 0, '', 'C'),
('2BU21CS132', '21CIP37', 0, 0, 0, 0, 0, 0, 0, 0, '', 'C'),
('2BU21CS133', '21CIP37', 0, 0, 0, 0, 0, 0, 0, 0, '', 'C'),
('2BU21CS134', '21CIP37', 0, 0, 0, 0, 0, 0, 0, 0, '', 'C'),
('2BU21CS135', '21CIP37', 0, 0, 0, 0, 0, 0, 0, 0, '', 'C'),
('2BU21CS136', '21CIP37', 0, 0, 0, 0, 0, 0, 0, 0, '', 'C'),
('2BU21CS137', '21CIP37', 0, 0, 0, 0, 0, 0, 0, 0, '', 'C'),
('2BU21CS138', '21CIP37', 0, 0, 0, 0, 0, 0, 0, 0, '', 'C'),
('2BU21CS139', '21CIP37', 0, 0, 0, 0, 0, 0, 0, 0, '', 'C'),
('2BU21CS140', '21CIP37', 0, 0, 0, 0, 0, 0, 0, 0, '', 'C'),
('2BU21CS141', '21CIP37', 0, 0, 0, 0, 0, 0, 0, 0, '', 'C'),
('2BU21CS142', '21CIP37', 0, 0, 0, 0, 0, 0, 0, 0, '', 'C'),
('2BU21CS143', '21CIP37', 0, 0, 0, 0, 0, 0, 0, 0, '', 'C'),
('2BU21CS144', '21CIP37', 0, 0, 0, 0, 0, 0, 0, 0, '', 'C'),
('2BU21CS145', '21CIP37', 0, 0, 0, 0, 0, 0, 0, 0, '', 'C'),
('2BU21CS146', '21CIP37', 0, 0, 0, 0, 0, 0, 0, 0, '', 'C'),
('2BU21CS147', '21CIP37', 0, 0, 0, 0, 0, 0, 0, 0, '', 'C'),
('2BU21CS148', '21CIP37', 0, 0, 0, 0, 0, 0, 0, 0, '', 'C'),
('2BU21CS149', '21CIP37', 0, 0, 0, 0, 0, 0, 0, 0, '', 'C'),
('2BU21CS150', '21CIP37', 0, 0, 0, 0, 0, 0, 0, 0, '', 'C'),
('2BU21CS151', '21CIP37', 0, 0, 0, 0, 0, 0, 0, 0, '', 'C'),
('2BU21CS152', '21CIP37', 0, 0, 0, 0, 0, 0, 0, 0, '', 'C'),
('2BU21CS153', '21CIP37', 0, 0, 0, 0, 0, 0, 0, 0, '', 'C'),
('2BU21CS154', '21CIP37', 0, 0, 0, 0, 0, 0, 0, 0, '', 'C'),
('2BU21CS155', '21CIP37', 0, 0, 0, 0, 0, 0, 0, 0, '', 'C'),
('2BU21CS156', '21CIP37', 0, 0, 0, 0, 0, 0, 0, 0, '', 'C'),
('2BU21CS157', '21CIP37', 0, 0, 0, 0, 0, 0, 0, 0, '', 'C'),
('2BU21CS158', '21CIP37', 0, 0, 0, 0, 0, 0, 0, 0, '', 'C'),
('2BU21CS159', '21CIP37', 0, 0, 0, 0, 0, 0, 0, 0, '', 'C'),
('2BU21CS160', '21CIP37', 0, 0, 0, 0, 0, 0, 0, 0, '', 'C'),
('2BU21CS161', '21CIP37', 0, 0, 0, 0, 0, 0, 0, 0, '', 'C'),
('2BU21CS162', '21CIP37', 0, 0, 0, 0, 0, 0, 0, 0, '', 'C'),
('2BU21CS163', '21CIP37', 0, 0, 0, 0, 0, 0, 0, 0, '', 'C'),
('2BU21CS164', '21CIP37', 0, 0, 0, 0, 0, 0, 0, 0, '', 'C'),
('2BU21CS165', '21CIP37', 0, 0, 0, 0, 0, 0, 0, 0, '', 'C'),
('2BU21CS166', '21CIP37', 0, 0, 0, 0, 0, 0, 0, 0, '', 'C'),
('2BU21CS167', '21CIP37', 0, 0, 0, 0, 0, 0, 0, 0, '', 'C'),
('2BU21CS168', '21CIP37', 0, 0, 0, 0, 0, 0, 0, 0, '', 'C'),
('2BU21CS169', '21CIP37', 0, 0, 0, 0, 0, 0, 0, 0, '', 'C'),
('2BU21CS170', '21CIP37', 0, 0, 0, 0, 0, 0, 0, 0, '', 'C'),
('2BU21CS171', '21CIP37', 0, 0, 0, 0, 0, 0, 0, 0, '', 'C'),
('2BU21CS172', '21CIP37', 0, 0, 0, 0, 0, 0, 0, 0, '', 'C'),
('2BU21CS173', '21CIP37', 0, 0, 0, 0, 0, 0, 0, 0, '', 'C'),
('2BU21CS174', '21CIP37', 0, 0, 0, 0, 0, 0, 0, 0, '', 'C'),
('2BU21CS175', '21CIP37', 0, 0, 0, 0, 0, 0, 0, 0, '', 'C'),
('2BU21CS176', '21CIP37', 0, 0, 0, 0, 0, 0, 0, 0, '', 'C'),
('2BU21CS177', '21CIP37', 0, 0, 0, 0, 0, 0, 0, 0, '', 'C'),
('2BU21CS178', '21CIP37', 0, 0, 0, 0, 0, 0, 0, 0, '', 'C'),
('2BU21CS179', '21CIP37', 0, 0, 0, 0, 0, 0, 0, 0, '', 'C'),
('2BU21CS180', '21CIP37', 0, 0, 0, 0, 0, 0, 0, 0, '', 'C'),
('2BU21CS181', '21CIP37', 0, 0, 0, 0, 0, 0, 0, 0, '', 'C'),
('2BU21CS182', '21CIP37', 0, 0, 0, 0, 0, 0, 0, 0, '', 'C'),
('2BU21CS183', '21CIP37', 0, 0, 0, 0, 0, 0, 0, 0, '', 'C'),
('2BU21CS184', '21CIP37', 0, 0, 0, 0, 0, 0, 0, 0, '', 'C'),
('2BU21CS185', '21CIP37', 0, 0, 0, 0, 0, 0, 0, 0, '', 'C'),
('2BU21CS186', '21CIP37', 0, 0, 0, 0, 0, 0, 0, 0, '', 'C'),
('2BU21CS187', '21CIP37', 0, 0, 0, 0, 0, 0, 0, 0, '', 'C'),
('2BU21CS188', '21CIP37', 0, 0, 0, 0, 0, 0, 0, 0, '', 'C'),
('2BU22CS412', '21CIP37', 0, 0, 0, 0, 0, 0, 0, 0, '', 'C'),
('2BU22CS413', '21CIP37', 0, 0, 0, 0, 0, 0, 0, 0, '', 'C'),
('2BU22CS414', '21CIP37', 0, 0, 0, 0, 0, 0, 0, 0, '', 'C'),
('2BU22CS415', '21CIP37', 0, 0, 0, 0, 0, 0, 0, 0, '', 'C'),
('2BU22CS416', '21CIP37', 0, 0, 0, 0, 0, 0, 0, 0, '', 'C'),
('2BU22CS417', '21CIP37', 0, 0, 0, 0, 0, 0, 0, 0, '', 'C');

-- --------------------------------------------------------

--
-- Table structure for table `laboratory`
--

CREATE TABLE `laboratory` (
  `labcode` int(11) NOT NULL,
  `labName` varchar(30) NOT NULL,
  `numSystems` int(11) NOT NULL,
  `numPrinter` int(11) NOT NULL,
  `numLCDProj` int(11) NOT NULL,
  `sysConfig` varchar(50) NOT NULL,
  `labInchargeID` int(11) NOT NULL
) ENGINE=InnoDB DEFAULT CHARSET=utf8mb4;

--
-- Dumping data for table `laboratory`
--

INSERT INTO `laboratory` (`labcode`, `labName`, `numSystems`, `numPrinter`, `numLCDProj`, `sysConfig`, `labInchargeID`) VALUES
(8001, 'Computer Lab - I', 60, 1, 1, 'i5, 8GB RAM, 1 TB HDD, 18\' Monitor', 0);

-- --------------------------------------------------------

--
-- Table structure for table `leaverecord`
--

CREATE TABLE `leaverecord` (
  `fid` int(11) NOT NULL,
  `cl` int(11) NOT NULL DEFAULT 15,
  `el` int(11) NOT NULL DEFAULT 10,
  `dl` int(11) NOT NULL DEFAULT 5,
  `ml` int(11) NOT NULL DEFAULT 7,
  `rh` int(11) NOT NULL DEFAULT 2,
  `cl_availed` int(11) NOT NULL,
  `dl_availed` int(11) NOT NULL,
  `el_availed` int(11) NOT NULL,
  `ml_availed` int(11) NOT NULL,
  `rh_availed` int(11) NOT NULL
) ENGINE=InnoDB DEFAULT CHARSET=utf8mb4;

-- --------------------------------------------------------

--
-- Table structure for table `loginpwds`
--

CREATE TABLE `loginpwds` (
  `uid` int(11) NOT NULL,
  `uname` varchar(20) NOT NULL,
  `pwd` varchar(20) NOT NULL DEFAULT 'abc123^',
  `type` varchar(30) NOT NULL
) ENGINE=InnoDB DEFAULT CHARSET=utf8mb4;

--
-- Dumping data for table `loginpwds`
--

INSERT INTO `loginpwds` (`uid`, `uname`, `pwd`, `type`) VALUES
(1004, 'Halakarnimath', 'abc123^', 'user'),
(1005, 'Vinayak', 'abc123^', 'user'),
(1006, 'Karuna', 'abc123^', 'user'),
(1007, 'Shaheen', 'abc123^', 'user'),
(1008, 'Sahana', 'abc123^', 'user'),
(1009, 'Chitrashree', 'abc123^', 'user'),
(1010, 'Kangana', 'abc123^', 'user'),
(1011, 'Jaya', 'abc123^', 'user'),
(1012, 'Shrikant', 'abc123^', 'user'),
(1013, 'Sushila', 'abc123^', 'user'),
(1014, 'Arpita', 'abc123^', 'user'),
(1015, 'Abhinandan', 'abc123^', 'user'),
(1016, 'Pooja', 'abc123^', 'user'),
(1017, 'Sushmita', 'abc123^', 'user'),
(1018, 'Umadevi', 'abc123^', 'user'),
(1019, 'Shivanand', 'abc123^', 'user'),
(1020, 'Siddharth', 'abc123^', 'user'),
(1021, 'Namrata', 'abc123^', 'user'),
(1022, 'Rajeshwari', 'abc123^', 'user'),
(1023, 'Shiddalingesh', 'abc123^', 'user'),
(1024, 'Sheetal', 'abc123^', 'user'),
(1025, 'Sunil', 'abc123^', 'user'),
(1026, 'Shivanand  ', 'abc123^', 'user'),
(1027, 'Shrinivas', 'abc123^', 'user'),
(1028, 'Deepa', 'abc123^', 'user'),
(1029, 'Satish', 'abc123^', 'user'),
(1030, 'Nalinakshi', 'abc123^', 'user'),
(1031, 'Dharmatti', 'abc123^', 'user'),
(1100, 'HoD', 'abc123^', 'AdminX'),
(1105, 'Admin', 'abc123^', 'admin');

-- --------------------------------------------------------

--
-- Table structure for table `staff`
--

CREATE TABLE `staff` (
  `stcode` int(11) NOT NULL,
  `fname` varchar(30) NOT NULL,
  `lname` varchar(30) NOT NULL,
  `gender` char(1) NOT NULL,
  `dob` date NOT NULL,
  `designation` varchar(30) NOT NULL
) ENGINE=InnoDB DEFAULT CHARSET=utf8mb4;

--
-- Dumping data for table `staff`
--

INSERT INTO `staff` (`stcode`, `fname`, `lname`, `gender`, `dob`, `designation`) VALUES
(3001, 'Suresh', 'Shetty', 'M', '2023-01-02', 'Instructor');

-- --------------------------------------------------------

--
-- Table structure for table `student`
--

CREATE TABLE `student` (
  `usn` char(10) NOT NULL,
  `fname` varchar(30) NOT NULL,
  `lname` varchar(30) NOT NULL,
  `sem` int(11) NOT NULL,
  `dno` int(11) NOT NULL,
  `admyear` char(10) NOT NULL,
  `gender` char(1) NOT NULL,
  `Division` char(1) NOT NULL,
  `totFees` float NOT NULL DEFAULT 98000,
  `paidFees` float NOT NULL DEFAULT 68000,
  `admType` char(10) NOT NULL DEFAULT 'CET'
) ENGINE=InnoDB DEFAULT CHARSET=utf8mb4;

--
-- Dumping data for table `student`
--

INSERT INTO `student` (`usn`, `fname`, `lname`, `sem`, `dno`, `admyear`, `gender`, `Division`, `totFees`, `paidFees`, `admType`) VALUES
('2BU20CS001', 'ADITI KISHOR NAIK', '', 5, 1, '', '', 'A', 98000, 68000, 'CET'),
('2BU20CS002', 'AISHWARYA S SULGEKAR', '', 5, 1, '', '', 'A', 98000, 68000, 'CET'),
('2BU20CS003', 'AKSHATA ASHOK P', '', 5, 1, '', '', 'A', 98000, 68000, 'CET'),
('2BU20CS004', 'AKSHAY S UPASHI', '', 5, 1, '', '', 'A', 98000, 68000, 'CET'),
('2BU20CS005', 'AMAN Y BELGAUMI', '', 5, 1, '', '', 'A', 98000, 68000, 'CET'),
('2BU20CS006', 'ANGEL VICTORIA', '', 5, 1, '', '', 'A', 98000, 68000, 'CET'),
('2BU20CS007', 'ANISHA ANIL D', '', 5, 1, '', '', 'A', 98000, 68000, 'CET'),
('2BU20CS008', 'ANSHUK JIRLI', '', 5, 1, '', '', 'A', 98000, 68000, 'CET'),
('2BU20CS009', 'ANUPAMA B A', '', 5, 1, '', '', 'A', 98000, 68000, 'CET'),
('2BU20CS010', 'BHARATKUMAR K N', '', 5, 1, '', '', 'A', 98000, 68000, 'CET'),
('2BU20CS012', 'CHETAN  S BADIGER', '', 5, 1, '', '', 'A', 98000, 68000, 'CET'),
('2BU20CS013', 'OMKAR DANDAVATE', '', 5, 1, '', '', 'A', 98000, 68000, 'CET'),
('2BU20CS014', 'GEETA VASUDEV P', '', 5, 1, '', '', 'A', 98000, 68000, 'CET'),
('2BU20CS015', 'GOUSIYANAAZ M', '', 5, 1, '', '', 'A', 98000, 68000, 'CET'),
('2BU20CS016', 'HARSHITA V M', '', 5, 1, '', '', 'A', 98000, 68000, 'CET'),
('2BU20CS017', 'IZHAN SOUDAGAR', '', 5, 1, '', '', 'A', 98000, 68000, 'CET'),
('2BU20CS018', 'KARTIK MASTIHOLI', '', 5, 1, '', '', 'A', 98000, 68000, 'CET'),
('2BU20CS019', 'KAVYA KUPPAST', '', 5, 1, '', '', 'A', 98000, 68000, 'CET'),
('2BU20CS020', 'KEERTHI PAGAD', '', 5, 1, '', '', 'A', 98000, 68000, 'CET'),
('2BU20CS021', 'KEERTI M S', '', 5, 1, '', '', 'A', 98000, 68000, 'CET'),
('2BU20CS022', 'KIRTANA B KHADD', '', 5, 1, '', '', 'A', 98000, 68000, 'CET'),
('2BU20CS023', 'KOMAL C S', '', 5, 1, '', '', 'A', 98000, 68000, 'CET'),
('2BU20CS024', 'LAXMANGOUDA P', '', 5, 1, '', '', 'A', 98000, 68000, 'CET'),
('2BU20CS025', 'LAXMI B W', '', 5, 1, '', '', 'A', 98000, 68000, 'CET'),
('2BU20CS026', 'MAHESHWARI D H', '', 5, 1, '', '', 'A', 98000, 68000, 'CET'),
('2BU20CS027', 'MANJU MAHADEV J', '', 5, 1, '', '', 'A', 98000, 68000, 'CET'),
('2BU20CS028', 'MEGHA V MANTUR', '', 5, 1, '', '', 'A', 98000, 68000, 'CET'),
('2BU20CS029', 'MISBAH DESAI', '', 5, 1, '', '', 'A', 98000, 68000, 'CET'),
('2BU20CS030', 'MOHAMMED A M', '', 5, 1, '', '', 'A', 98000, 68000, 'CET'),
('2BU20CS031', 'MURUGESH S G', '', 5, 1, '', '', 'A', 98000, 68000, 'CET'),
('2BU20CS032', 'NADEEM K JAMADAR', '', 5, 1, '', '', 'A', 98000, 68000, 'CET'),
('2BU20CS033', 'NAGENDRAGOUDA', '', 5, 1, '', '', 'A', 98000, 68000, 'CET'),
('2BU20CS034', 'NANDITA NILAJAGI', '', 5, 1, '', '', 'A', 98000, 68000, 'CET'),
('2BU20CS035', 'NARAYAN G PATIL', '', 5, 1, '', '', 'A', 98000, 68000, 'CET'),
('2BU20CS036', 'NIKHITA B KAMATE', '', 5, 1, '', '', 'A', 98000, 68000, 'CET'),
('2BU20CS037', 'NIKITA RAVALU MORE', '', 5, 1, '', '', 'A', 98000, 68000, 'CET'),
('2BU20CS038', 'NIKITA GUNAGI', '', 5, 1, '', '', 'A', 98000, 68000, 'CET'),
('2BU20CS039', 'NISARGA B KENCHANGOUDR', '', 5, 1, '', '', 'A', 98000, 68000, 'CET'),
('2BU20CS040', 'OMKAR M NOOLI', '', 5, 1, '', '', 'A', 98000, 68000, 'CET'),
('2BU20CS041', 'POOJA ARAKERI', '', 5, 1, '', '', 'A', 98000, 68000, 'CET'),
('2BU20CS042', 'POOJA S KIRAGATAGI', '', 5, 1, '', '', 'A', 98000, 68000, 'CET'),
('2BU20CS043', 'POOJA U MALAVADE', '', 5, 1, '', '', 'A', 98000, 68000, 'CET'),
('2BU20CS044', 'PRADEEP M C', '', 5, 1, '', '', 'A', 98000, 68000, 'CET'),
('2BU20CS045', 'PRADHYUMNA KULKARNI', '', 5, 1, '', '', 'A', 98000, 68000, 'CET'),
('2BU20CS046', 'PRAJAKTA C C', '', 5, 1, '', '', 'A', 98000, 68000, 'CET'),
('2BU20CS047', 'PRAJWAL ARKASALI', '', 5, 1, '', '', 'A', 98000, 68000, 'CET'),
('2BU20CS048', 'PRAJWAL B WALIKAR', '', 5, 1, '', '', 'A', 98000, 68000, 'CET'),
('2BU20CS049', 'PRASHANT S A', '', 5, 1, '', '', 'A', 98000, 68000, 'CET'),
('2BU20CS050', 'PRATIKA S BENNI', '', 5, 1, '', '', 'A', 98000, 68000, 'CET'),
('2BU20CS051', 'PRATIKSHA M', '', 5, 1, '', '', 'A', 98000, 68000, 'CET'),
('2BU20CS052', 'PREETI L KADROLLI', '', 5, 1, '', '', 'A', 98000, 68000, 'CET'),
('2BU20CS053', 'PRERANA S M', '', 5, 1, '', '', 'A', 98000, 68000, 'CET'),
('2BU20CS054', 'PRIYA BISIROTTI', '', 5, 1, '', '', 'A', 98000, 68000, 'CET'),
('2BU20CS055', 'PRIYANKA C G', '', 5, 1, '', '', 'A', 98000, 68000, 'CET'),
('2BU20CS056', 'RACHANA R K', '', 5, 1, '', '', 'A', 98000, 68000, 'CET'),
('2BU20CS057', 'RAHUL P SAVASUDDI', '', 5, 1, '', '', 'A', 98000, 68000, 'CET'),
('2BU20CS058', 'RAKSHITA ANIL DADDI', '', 5, 1, '', '', 'A', 98000, 68000, 'CET'),
('2BU20CS059', 'RISHAB S MALALIKAR', '', 5, 1, '', '', 'B', 98000, 68000, 'CET'),
('2BU20CS060', 'RITIN KANKANWADI', '', 5, 1, '', '', 'B', 98000, 68000, 'CET'),
('2BU20CS061', 'ROHAN KUMAR PATIL', '', 5, 1, '', '', 'B', 98000, 68000, 'CET'),
('2BU20CS062', 'ROHINI DESAI', '', 5, 1, '', '', 'B', 98000, 68000, 'CET'),
('2BU20CS063', 'ROHIT S KONNUR', '', 5, 1, '', '', 'B', 98000, 68000, 'CET'),
('2BU20CS064', 'SACHIN Y SHINDE', '', 5, 1, '', '', 'B', 98000, 68000, 'CET'),
('2BU20CS065', 'SADIYA I RAJGOLI', '', 5, 1, '', '', 'B', 98000, 68000, 'CET'),
('2BU20CS066', 'SAHANA MALLAPPA VIVEKI', '', 5, 1, '', '', 'B', 98000, 68000, 'CET'),
('2BU20CS067', 'SAHANA RAJESH NADAGOUDA', '', 5, 1, '', '', 'B', 98000, 68000, 'CET'),
('2BU20CS068', 'SAHANA S GOTAKINDI', '', 5, 1, '', '', 'B', 98000, 68000, 'CET'),
('2BU20CS069', 'SAKSHI R CHITNIS', '', 5, 1, '', '', 'B', 98000, 68000, 'CET'),
('2BU20CS070', 'SAMARTH M S', '', 5, 1, '', '', 'B', 98000, 68000, 'CET'),
('2BU20CS071', 'SAMMED S B', '', 5, 1, '', '', 'B', 98000, 68000, 'CET'),
('2BU20CS072', 'SAMMED S DIGRAJE', '', 5, 1, '', '', 'B', 98000, 68000, 'CET'),
('2BU20CS073', 'SAMRUDHI A TARALE', '', 5, 1, '', '', 'B', 98000, 68000, 'CET'),
('2BU20CS074', 'SANJANA B PATIL', '', 5, 1, '', '', 'B', 98000, 68000, 'CET'),
('2BU20CS075', 'SANJEEVINI C CHOLIN', '', 5, 1, '', '', 'B', 98000, 68000, 'CET'),
('2BU20CS076', 'SARIKA ISHWAR PATIL', '', 5, 1, '', '', 'B', 98000, 68000, 'CET'),
('2BU20CS077', 'SAVITA P DANDIN', '', 5, 1, '', '', 'B', 98000, 68000, 'CET'),
('2BU20CS078', 'SEJAL NAGESH KADOLKAR', '', 5, 1, '', '', 'B', 98000, 68000, 'CET'),
('2BU20CS079', 'SHIVARAJ SHEELVANT', '', 5, 1, '', '', 'B', 98000, 68000, 'CET'),
('2BU20CS080', 'SHRAVANA H H', '', 5, 1, '', '', 'B', 98000, 68000, 'CET'),
('2BU20CS081', 'SHRAVANI M S', '', 5, 1, '', '', 'B', 98000, 68000, 'CET'),
('2BU20CS082', 'SHREYA A H', '', 5, 1, '', '', 'B', 98000, 68000, 'CET'),
('2BU20CS083', 'SHREYAS SALIMATH', '', 5, 1, '', '', 'B', 98000, 68000, 'CET'),
('2BU20CS084', 'SHREYASH S SHINDE', '', 5, 1, '', '', 'B', 98000, 68000, 'CET'),
('2BU20CS085', 'SHRUTI V MUCHANDI', '', 5, 1, '', '', 'B', 98000, 68000, 'CET'),
('2BU20CS086', 'SHUBHAM REDDY', '', 5, 1, '', '', 'B', 98000, 68000, 'CET'),
('2BU20CS087', 'SHWETA N KOOGE', '', 5, 1, '', '', 'B', 98000, 68000, 'CET'),
('2BU20CS088', 'SIDDLING D NAIK', '', 5, 1, '', '', 'B', 98000, 68000, 'CET'),
('2BU20CS089', 'SOUJANYA HUBLI', '', 5, 1, '', '', 'B', 98000, 68000, 'CET'),
('2BU20CS090', 'SOUJANYA S NESARAGI', '', 5, 1, '', '', 'B', 98000, 68000, 'CET'),
('2BU20CS091', 'SOUMYA S PRADHANE', '', 5, 1, '', '', 'B', 98000, 68000, 'CET'),
('2BU20CS092', 'SOUNDARYA K B', '', 5, 1, '', '', 'B', 98000, 68000, 'CET'),
('2BU20CS093', 'SOUNDARYA K', '', 5, 1, '', '', 'B', 98000, 68000, 'CET'),
('2BU20CS094', 'SPOORTHI BHIMAPPA PUDAKALKATTI', '', 5, 1, '', '', 'B', 98000, 68000, 'CET'),
('2BU20CS095', 'STEVEN WILSON NORONHA', '', 5, 1, '', '', 'B', 98000, 68000, 'CET'),
('2BU20CS096', 'SUNIL BIRADAR', '', 5, 1, '', '', 'B', 98000, 68000, 'CET'),
('2BU20CS097', 'SUSHANT M HAKARE', '', 5, 1, '', '', 'B', 98000, 68000, 'CET'),
('2BU20CS098', 'SWAPNADEEP KAPURI', '', 5, 1, '', '', 'B', 98000, 68000, 'CET'),
('2BU20CS099', 'SWATI SANJAY EKBOTE', '', 5, 1, '', '', 'B', 98000, 68000, 'CET'),
('2BU20CS100', 'SYEDA ASRA ANJUM', '', 5, 1, '', '', 'B', 98000, 68000, 'CET'),
('2BU20CS101', 'VACHAN R SHETTY', '', 5, 1, '', '', 'B', 98000, 68000, 'CET'),
('2BU20CS102', 'VANI BASANAGOUDA MAGADUM', '', 5, 1, '', '', 'B', 98000, 68000, 'CET'),
('2BU20CS103', 'VARUN M ANDANI', '', 5, 1, '', '', 'B', 98000, 68000, 'CET'),
('2BU20CS104', 'VEENA M BISAGUPPI', '', 5, 1, '', '', 'B', 98000, 68000, 'CET'),
('2BU20CS105', 'VIDYA M BISAGUPPI', '', 5, 1, '', '', 'B', 98000, 68000, 'CET'),
('2BU20CS106', 'VIRAJ R KULKARNI', '', 5, 1, '', '', 'B', 98000, 68000, 'CET'),
('2BU20CS107', 'SHREYA S K ', '', 5, 1, '', '', 'B', 98000, 68000, 'CET'),
('2BU21CS001', 'ABDULHA M BARGIR', '', 3, 1, '', '', 'A', 98000, 68000, 'CET'),
('2BU21CS002', 'ABHIJEET C CHINDI', '', 3, 1, '', '', 'A', 98000, 68000, 'CET'),
('2BU21CS003', 'ABHISHEK A MAGADUM', '', 3, 1, '', '', 'A', 98000, 68000, 'CET'),
('2BU21CS004', 'ABHISHEK HAJAGOLKAR', '', 3, 1, '', '', 'A', 98000, 68000, 'CET'),
('2BU21CS005', 'ADITYA SINDHE', '', 3, 1, '', '', 'A', 98000, 68000, 'CET'),
('2BU21CS006', 'AFREEN IMRAN SANADI', '', 3, 1, '', '', 'A', 98000, 68000, 'CET'),
('2BU21CS007', 'AFRIN ALI', '', 3, 1, '', '', 'A', 98000, 68000, 'CET'),
('2BU21CS008', 'AISHWARYA KUMBAR', '', 3, 1, '', '', 'A', 98000, 68000, 'CET'),
('2BU21CS009', 'AJIT SANJU BASSAPURI', '', 3, 1, '', '', 'A', 98000, 68000, 'CET'),
('2BU21CS010', 'AKASH MAHANTESH BHATE', '', 3, 1, '', '', 'A', 98000, 68000, 'CET'),
('2BU21CS011', 'AKASH RAJU KOTAGI', '', 3, 1, '', '', 'A', 98000, 68000, 'CET'),
('2BU21CS012', 'AKHILESH KANAGALI', '', 3, 1, '', '', 'A', 98000, 68000, 'CET'),
('2BU21CS013', 'AKSHATA B KULKARNI', '', 3, 1, '', '', 'A', 98000, 68000, 'CET'),
('2BU21CS014', 'AKSHATA KHANAPURE', '', 3, 1, '', '', 'A', 98000, 68000, 'CET'),
('2BU21CS015', 'ALEX A BANSODE', '', 3, 1, '', '', 'A', 98000, 68000, 'CET'),
('2BU21CS016', 'AMAAN JAVED PEERZADE', '', 3, 1, '', '', 'A', 98000, 68000, 'CET'),
('2BU21CS017', 'AMEY SUNIL PATIL', '', 3, 1, '', '', 'A', 98000, 68000, 'CET'),
('2BU21CS018', 'ANNAPURNA V LINGADALLI', '', 3, 1, '', '', 'A', 98000, 68000, 'CET'),
('2BU21CS019', 'ANULI MALALIKAR', '', 3, 1, '', '', 'A', 98000, 68000, 'CET'),
('2BU21CS020', 'ANVIT V HIREMATH', '', 3, 1, '', '', 'A', 98000, 68000, 'CET'),
('2BU21CS021', 'APRANJI RAJU MANAS', '', 3, 1, '', '', 'A', 98000, 68000, 'CET'),
('2BU21CS022', 'ARUN MARUTI BISIROTTI', '', 3, 1, '', '', 'A', 98000, 68000, 'CET'),
('2BU21CS023', 'ASHISH AVINASH HIDADUGI', '', 3, 1, '', '', 'A', 98000, 68000, 'CET'),
('2BU21CS024', 'ASHWINI HIREMATH', '', 3, 1, '', '', 'A', 98000, 68000, 'CET'),
('2BU21CS025', 'AVINASH U DALVI', '', 3, 1, '', '', 'A', 98000, 68000, 'CET'),
('2BU21CS026', 'BASAVARAJ V KHANAGOUD', '', 3, 1, '', '', 'A', 98000, 68000, 'CET'),
('2BU21CS027', 'BHAKTI BALKRISHNA KADAM', '', 3, 1, '', '', 'A', 98000, 68000, 'CET'),
('2BU21CS028', 'BHARATHKUMAR M', '', 3, 1, '', '', 'A', 98000, 68000, 'CET'),
('2BU21CS029', 'BHOOMIKA I BENNALLI', '', 3, 1, '', '', 'A', 98000, 68000, 'CET'),
('2BU21CS030', 'BHOOMIKA KULKARNI', '', 3, 1, '', '', 'A', 98000, 68000, 'CET'),
('2BU21CS031', 'BHOOMIKA S UPPAR', '', 3, 1, '', '', 'A', 98000, 68000, 'CET'),
('2BU21CS032', 'BUKYALKAR NEHA TANAJI', '', 3, 1, '', '', 'A', 98000, 68000, 'CET'),
('2BU21CS033', 'CHAITRA SHRIKANT MAGADUM', '', 3, 1, '', '', 'A', 98000, 68000, 'CET'),
('2BU21CS034', 'DEVAMMA ITI', '', 3, 1, '', '', 'A', 98000, 68000, 'CET'),
('2BU21CS035', 'DHRUV PRAKASH HONGAL', '', 3, 1, '', '', 'A', 98000, 68000, 'CET'),
('2BU21CS036', 'DISHA TANAJI GHURE', '', 3, 1, '', '', 'A', 98000, 68000, 'CET'),
('2BU21CS037', 'DIVYA RAGHUNATH SALUNKE', '', 3, 1, '', '', 'A', 98000, 68000, 'CET'),
('2BU21CS038', 'FARHANAZ MDARIF SAYYED', '', 3, 1, '', '', 'A', 98000, 68000, 'CET'),
('2BU21CS039', 'GURURAJ JAGADISH KABBURI', '', 3, 1, '', '', 'A', 98000, 68000, 'CET'),
('2BU21CS040', 'HARSHADA V SOLANKURE', '', 3, 1, '', '', 'A', 98000, 68000, 'CET'),
('2BU21CS041', 'HRUTESH IRAYYA PUJAR', '', 3, 1, '', '', 'A', 98000, 68000, 'CET'),
('2BU21CS042', 'ISHWARI P SUNAGAR', '', 3, 1, '', '', 'A', 98000, 68000, 'CET'),
('2BU21CS043', 'JADEN THOMAS PAES', '', 3, 1, '', '', 'A', 98000, 68000, 'CET'),
('2BU21CS044', 'JAIRAJ MADHUKAR PATIL', '', 3, 1, '', '', 'A', 98000, 68000, 'CET'),
('2BU21CS045', 'JEEVOTTAM S HULEKAL', '', 3, 1, '', '', 'A', 98000, 68000, 'CET'),
('2BU21CS046', 'JYOTI SIDRAMAPPA SAJJAN', '', 3, 1, '', '', 'A', 98000, 68000, 'CET'),
('2BU21CS047', 'JYOTI ULLEGADDI', '', 3, 1, '', '', 'A', 98000, 68000, 'CET'),
('2BU21CS048', 'K GOUTHAM', '', 3, 1, '', '', 'A', 98000, 68000, 'CET'),
('2BU21CS050', 'KARTIK RACHAYYA HIREMATH', '', 3, 1, '', '', 'A', 98000, 68000, 'CET'),
('2BU21CS051', 'KAUSTUB KAILAS MORE', '', 3, 1, '', '', 'A', 98000, 68000, 'CET'),
('2BU21CS052', 'KEDAR SUBHASH KILLEDAR', '', 3, 1, '', '', 'A', 98000, 68000, 'CET'),
('2BU21CS053', 'KEERTHI B KORI', '', 3, 1, '', '', 'A', 98000, 68000, 'CET'),
('2BU21CS054', 'KOMAL HIREMATH', '', 3, 1, '', '', 'A', 98000, 68000, 'CET'),
('2BU21CS055', 'KUMBHAR AKASH JAYANDRA', '', 3, 1, '', '', 'A', 98000, 68000, 'CET'),
('2BU21CS056', 'MAHANTESH VASANT KOTAGI', '', 3, 1, '', '', 'A', 98000, 68000, 'CET'),
('2BU21CS057', 'MAHEK ABRAR SANGLIKAR', '', 3, 1, '', '', 'A', 98000, 68000, 'CET'),
('2BU21CS058', 'MAHESHWARI NAIK', '', 3, 1, '', '', 'A', 98000, 68000, 'CET'),
('2BU21CS059', 'MALLIKARJUN INGALI', '', 3, 1, '', '', 'A', 98000, 68000, 'CET'),
('2BU21CS060', 'MANOHAR G MURGALI', '', 3, 1, '', '', 'A', 98000, 68000, 'CET'),
('2BU21CS061', 'MANU JEEVAN AGASIMANI', '', 3, 1, '', '', 'A', 98000, 68000, 'CET'),
('2BU21CS062', 'MANU S HIREMATH', '', 3, 1, '', '', 'A', 98000, 68000, 'CET'),
('2BU21CS063', 'MAREYADAS YASEBU BUDAL', '', 3, 1, '', '', 'A', 98000, 68000, 'CET'),
('2BU21CS064', 'MEETALI GAJANAN RANE', '', 3, 1, '', '', 'B', 98000, 68000, 'CET'),
('2BU21CS065', 'MEHVISH MD Y TRASGAR', '', 3, 1, '', '', 'B', 98000, 68000, 'CET'),
('2BU21CS066', 'MIHIR MILIND SAVADI', '', 3, 1, '', '', 'B', 98000, 68000, 'CET'),
('2BU21CS067', 'MD TABISH ARIF SUBEDAR', '', 3, 1, '', '', 'B', 98000, 68000, 'CET'),
('2BU21CS069', 'MD RABBANIBAIG INAMDAR', '', 3, 1, '', '', 'B', 98000, 68000, 'CET'),
('2BU21CS070', 'MONIKA POL', '', 3, 1, '', '', 'B', 98000, 68000, 'CET'),
('2BU21CS071', 'MUBASHIRIN M MULLA', '', 3, 1, '', '', 'B', 98000, 68000, 'CET'),
('2BU21CS072', 'MUSABBIN UMAIR I SHAMSHER', '', 3, 1, '', '', 'B', 98000, 68000, 'CET'),
('2BU21CS073', 'NAUMANAHMED M MULLA', '', 3, 1, '', '', 'B', 98000, 68000, 'CET'),
('2BU21CS074', 'NIKHITA V SANGANALMATH', '', 3, 1, '', '', 'B', 98000, 68000, 'CET'),
('2BU21CS075', 'NIKITA ISHWAR PATIL', '', 3, 1, '', '', 'B', 98000, 68000, 'CET'),
('2BU21CS076', 'NIVEDITA S GANCHARI', '', 3, 1, '', '', 'B', 98000, 68000, 'CET'),
('2BU21CS078', 'OMKAR R PATIL', '', 3, 1, '', '', 'B', 98000, 68000, 'CET'),
('2BU21CS079', 'PATIL ABHAY GURURAJ', '', 3, 1, '', '', 'B', 98000, 68000, 'CET'),
('2BU21CS080', 'PAVAN KULLI', '', 3, 1, '', '', 'B', 98000, 68000, 'CET'),
('2BU21CS081', 'PRAGATI RAYAGOUDA PATIL', '', 3, 1, '', '', 'B', 98000, 68000, 'CET'),
('2BU21CS082', 'PRAGATI VILAS PARISHWAD', '', 3, 1, '', '', 'B', 98000, 68000, 'CET'),
('2BU21CS083', 'PRAJAKTA S NILAJKAR', '', 3, 1, '', '', 'B', 98000, 68000, 'CET'),
('2BU21CS084', 'PRAMOD HANAMANT GURAV', '', 3, 1, '', '', 'B', 98000, 68000, 'CET'),
('2BU21CS085', 'PRAMOD K BHAVIMANI', '', 3, 1, '', '', 'B', 98000, 68000, 'CET'),
('2BU21CS086', 'PRANJAL SANJAY BHINGE', '', 3, 1, '', '', 'B', 98000, 68000, 'CET'),
('2BU21CS087', 'PRASANNA KUMBAR', '', 3, 1, '', '', 'B', 98000, 68000, 'CET'),
('2BU21CS088', 'PRATHAM CHOUGULA', '', 3, 1, '', '', 'B', 98000, 68000, 'CET'),
('2BU21CS089', 'PRATHAMESH A KOLLI', '', 3, 1, '', '', 'B', 98000, 68000, 'CET'),
('2BU21CS090', 'PRATHAMESH Y JADHAV', '', 3, 1, '', '', 'B', 98000, 68000, 'CET'),
('2BU21CS091', 'PRAVEEN MAHADEV MORE', '', 3, 1, '', '', 'B', 98000, 68000, 'CET'),
('2BU21CS092', 'PRERANA C HIREMATH', '', 3, 1, '', '', 'B', 98000, 68000, 'CET'),
('2BU21CS093', 'PRIYA RBOMMANNAVAR', '', 3, 1, '', '', 'B', 98000, 68000, 'CET'),
('2BU21CS094', 'PRIYANKA CHANVIR', '', 3, 1, '', '', 'B', 98000, 68000, 'CET'),
('2BU21CS095', 'PRUTHVIRAJ K GANACHARI', '', 3, 1, '', '', 'B', 98000, 68000, 'CET'),
('2BU21CS096', 'RADHIKA DEMANAGOUDA PATIL', '', 3, 1, '', '', 'B', 98000, 68000, 'CET'),
('2BU21CS097', 'RAHUL R CHIKALI', '', 3, 1, '', '', 'B', 98000, 68000, 'CET'),
('2BU21CS098', 'RAHUL V SOMANGOUDAR', '', 3, 1, '', '', 'B', 98000, 68000, 'CET'),
('2BU21CS099', 'RAMESH KALLAPPA BAGI', '', 3, 1, '', '', 'B', 98000, 68000, 'CET'),
('2BU21CS100', 'RANJEETA ANIL BUCHADI', '', 3, 1, '', '', 'B', 98000, 68000, 'CET'),
('2BU21CS101', 'RANJEETA R CHIKKAPARAPPA', '', 3, 1, '', '', 'B', 98000, 68000, 'CET'),
('2BU21CS102', 'RANJITA B TERADAL', '', 3, 1, '', '', 'B', 98000, 68000, 'CET'),
('2BU21CS103', 'RASOOLSAB NABISAB NADAF', '', 3, 1, '', '', 'B', 98000, 68000, 'CET'),
('2BU21CS104', 'REEFAT SAIFUDDIN KOLHAPURI', '', 3, 1, '', '', 'B', 98000, 68000, 'CET'),
('2BU21CS105', 'RENUKA KRISHNAJI GHASARI', '', 3, 1, '', '', 'B', 98000, 68000, 'CET'),
('2BU21CS106', 'RITIKA SACHIN GORWADE', '', 3, 1, '', '', 'B', 98000, 68000, 'CET'),
('2BU21CS107', 'ROHAN RAVINDRA KAKTIKAR', '', 3, 1, '', '', 'B', 98000, 68000, 'CET'),
('2BU21CS108', 'ROHAN SURESH PAWAR', '', 3, 1, '', '', 'B', 98000, 68000, 'CET'),
('2BU21CS109', 'ROOPA SHANKAR KOCHARI', '', 3, 1, '', '', 'B', 98000, 68000, 'CET'),
('2BU21CS110', 'RUTURAJ BHANDARI', '', 3, 1, '', '', 'B', 98000, 68000, 'CET'),
('2BU21CS111', 'SABEER FIROJKHAN SANADI', '', 3, 1, '', '', 'B', 98000, 68000, 'CET'),
('2BU21CS112', 'SACHIN GADADE', '', 3, 1, '', '', 'B', 98000, 68000, 'CET'),
('2BU21CS113', 'SACHIN S RAVALUKEDARI', '', 3, 1, '', '', 'B', 98000, 68000, 'CET'),
('2BU21CS114', 'SADIYA KHADAKIWALE', '', 3, 1, '', '', 'B', 98000, 68000, 'CET'),
('2BU21CS115', 'SAHANA H KANABUR', '', 3, 1, '', '', 'B', 98000, 68000, 'CET'),
('2BU21CS116', 'SAKSHI ANAND KURHADE', '', 3, 1, '', '', 'B', 98000, 68000, 'CET'),
('2BU21CS117', 'SAMARTH UTTAM KHOKALEKAR', '', 3, 1, '', '', 'B', 98000, 68000, 'CET'),
('2BU21CS118', 'SAMBHAJI VITTAL KUNNURKAR', '', 3, 1, '', '', 'B', 98000, 68000, 'CET'),
('2BU21CS119', 'SAMEER SHANOOR NADAF', '', 3, 1, '', '', 'B', 98000, 68000, 'CET'),
('2BU21CS120', 'SANDEEP REVAPPA MASAGUPPI', '', 3, 1, '', '', 'B', 98000, 68000, 'CET'),
('2BU21CS121', 'SANDEEP SURENDRA KADDU', '', 3, 1, '', '', 'B', 98000, 68000, 'CET'),
('2BU21CS122', 'SANJANA YADAV', '', 3, 1, '', '', 'B', 98000, 68000, 'CET'),
('2BU21CS123', 'SANJAY KUMAR CHAPPER', '', 3, 1, '', '', 'B', 98000, 68000, 'CET'),
('2BU21CS124', 'SANTOSH B CHACHADI', '', 3, 1, '', '', 'B', 98000, 68000, 'CET'),
('2BU21CS125', 'SAULEHA MD AYUB MADIWALE', '', 3, 1, '', '', 'B', 98000, 68000, 'CET'),
('2BU21CS126', 'SHAFAKHAT AFTAB KAZI', '', 3, 1, '', '', 'B', 98000, 68000, 'CET'),
('2BU21CS127', 'SHAFIN IRSHAD KHAN', '', 3, 1, '', '', 'C', 98000, 68000, 'CET'),
('2BU21CS128', 'SHASHANK G SHIVAPUJIMATH', '', 3, 1, '', '', 'C', 98000, 68000, 'CET'),
('2BU21CS129', 'SHASHANK RAJESH KITTUR', '', 3, 1, '', '', 'C', 98000, 68000, 'CET'),
('2BU21CS130', 'SHASHANK S HADAPAD', '', 3, 1, '', '', 'C', 98000, 68000, 'CET'),
('2BU21CS131', 'SHASHIKALA S MUDALAGI', '', 3, 1, '', '', 'C', 98000, 68000, 'CET'),
('2BU21CS132', 'SHIVALEELA P RALIKATTI', '', 3, 1, '', '', 'C', 98000, 68000, 'CET'),
('2BU21CS133', 'SHIVAPRASAD P SHIVANAIKAR', '', 3, 1, '', '', 'C', 98000, 68000, 'CET'),
('2BU21CS134', 'SHIVARAJ VANNURI', '', 3, 1, '', '', 'C', 98000, 68000, 'CET'),
('2BU21CS135', 'SHRADDHA SANGAMESHDAMA', '', 3, 1, '', '', 'C', 98000, 68000, 'CET'),
('2BU21CS136', 'SHREYA BASAVARAJ ITNAL', '', 3, 1, '', '', 'C', 98000, 68000, 'CET'),
('2BU21CS137', 'SHREYA DATTATAREYA KATTI', '', 3, 1, '', '', 'C', 98000, 68000, 'CET'),
('2BU21CS138', 'SHREYASH RAMESHDONGARE', '', 3, 1, '', '', 'C', 98000, 68000, 'CET'),
('2BU21CS139', 'SHREYASH UDAY CHAVAN', '', 3, 1, '', '', 'C', 98000, 68000, 'CET'),
('2BU21CS140', 'SHRISHAIL M NANDARGI', '', 3, 1, '', '', 'C', 98000, 68000, 'CET'),
('2BU21CS141', 'SHRUTI VILAS BASARIKATTI', '', 3, 1, '', '', 'C', 98000, 68000, 'CET'),
('2BU21CS142', 'SHUBAIL S SURAB', '', 3, 1, '', '', 'C', 98000, 68000, 'CET'),
('2BU21CS143', 'SHUBHAM MANOHAR GAWADE', '', 3, 1, '', '', 'C', 98000, 68000, 'CET'),
('2BU21CS144', 'SHUBHAM M KHANDEKAR', '', 3, 1, '', '', 'C', 98000, 68000, 'CET'),
('2BU21CS145', 'SHWETA KASHINATH SUTAR', '', 3, 1, '', '', 'C', 98000, 68000, 'CET'),
('2BU21CS146', 'SHWETHA RAMESH PUJARI', '', 3, 1, '', '', 'C', 98000, 68000, 'CET'),
('2BU21CS147', 'SIDDARATH MAMADAPUR', '', 3, 1, '', '', 'C', 98000, 68000, 'CET'),
('2BU21CS148', 'SIMRAN RAJESH CHOPRA', '', 3, 1, '', '', 'C', 98000, 68000, 'CET'),
('2BU21CS149', 'SNEHA KIRAN MANDED', '', 3, 1, '', '', 'C', 98000, 68000, 'CET'),
('2BU21CS150', 'SNEHA SANJAYSHAHAPURKAR', '', 3, 1, '', '', 'C', 98000, 68000, 'CET'),
('2BU21CS151', 'SNEHA S GURUVANNAVAR', '', 3, 1, '', '', 'C', 98000, 68000, 'CET'),
('2BU21CS152', 'SOUMYA MANJUNATH PUJAR', '', 3, 1, '', '', 'C', 98000, 68000, 'CET'),
('2BU21CS153', 'SOUMYA VITTHAL KAMATE', '', 3, 1, '', '', 'C', 98000, 68000, 'CET'),
('2BU21CS154', 'SOURABH SANJAYA MALODE', '', 3, 1, '', '', 'C', 98000, 68000, 'CET'),
('2BU21CS155', 'SOURABH S KAVALEKAR', '', 3, 1, '', '', 'C', 98000, 68000, 'CET'),
('2BU21CS156', 'SRIDEVI R ITAGIKAR', '', 3, 1, '', '', 'C', 98000, 68000, 'CET'),
('2BU21CS157', 'SUCHITRA SIDRAI BUDNUR', '', 3, 1, '', '', 'C', 98000, 68000, 'CET'),
('2BU21CS158', 'SUDEEP PATTANSHETTY', '', 3, 1, '', '', 'C', 98000, 68000, 'CET'),
('2BU21CS159', 'SUDEEP SHANKAR MORABAD', '', 3, 1, '', '', 'C', 98000, 68000, 'CET'),
('2BU21CS160', 'SUMIT SANJEEV MAJUKAR', '', 3, 1, '', '', 'C', 98000, 68000, 'CET'),
('2BU21CS161', 'SUPRIT KEMPANNAKOCHARAGI', '', 3, 1, '', '', 'C', 98000, 68000, 'CET'),
('2BU21CS162', 'SUPRIYA PUNDALIK MURUDI', '', 3, 1, '', '', 'C', 98000, 68000, 'CET'),
('2BU21CS163', 'SWAPNIL BALAPPA PATIL', '', 3, 1, '', '', 'C', 98000, 68000, 'CET'),
('2BU21CS164', 'SWATI VINAY PUJAR', '', 3, 1, '', '', 'C', 98000, 68000, 'CET'),
('2BU21CS165', 'T G SHASHANK', '', 3, 1, '', '', 'C', 98000, 68000, 'CET'),
('2BU21CS166', 'TANISHA DHIRAJ CHOPRA', '', 3, 1, '', '', 'C', 98000, 68000, 'CET'),
('2BU21CS167', 'TANUJA M HOSAMANI', '', 3, 1, '', '', 'C', 98000, 68000, 'CET'),
('2BU21CS168', 'TANVI MANISH KOLHAPURI', '', 3, 1, '', '', 'C', 98000, 68000, 'CET'),
('2BU21CS169', 'TRUPTI M BHAVIKATTI', '', 3, 1, '', '', 'C', 98000, 68000, 'CET'),
('2BU21CS170', 'UMAIR AHMED MOMIN', '', 3, 1, '', '', 'C', 98000, 68000, 'CET'),
('2BU21CS171', 'UMAIR SAYED', '', 3, 1, '', '', 'C', 98000, 68000, 'CET'),
('2BU21CS172', 'UMME KULSUM RIYAZBAGWAN', '', 3, 1, '', '', 'C', 98000, 68000, 'CET'),
('2BU21CS173', 'UROOJAKHTARKHAN NINAMDAR', '', 3, 1, '', '', 'C', 98000, 68000, 'CET'),
('2BU21CS174', 'UTTAM BALU SAMBREKAR', '', 3, 1, '', '', 'C', 98000, 68000, 'CET'),
('2BU21CS175', 'VAIBHAV K KUMBHAR', '', 3, 1, '', '', 'C', 98000, 68000, 'CET'),
('2BU21CS176', 'VAIBHAV S CHINIWALAR', '', 3, 1, '', '', 'C', 98000, 68000, 'CET'),
('2BU21CS177', 'VAISHNAVI SADASHIVGANIGER', '', 3, 1, '', '', 'C', 98000, 68000, 'CET'),
('2BU21CS178', 'VARUN KUMAR VISHWAKARMA', '', 3, 1, '', '', 'C', 98000, 68000, 'CET'),
('2BU21CS179', 'VEERESH M KAKAMARI', '', 3, 1, '', '', 'C', 98000, 68000, 'CET'),
('2BU21CS180', 'VEERESH RACHAYYAHIREMATH', '', 3, 1, '', '', 'C', 98000, 68000, 'CET'),
('2BU21CS181', 'VIDYASHREE B BADIGER', '', 3, 1, '', '', 'C', 98000, 68000, 'CET'),
('2BU21CS182', 'VIGHNESH SHETTY', '', 3, 1, '', '', 'C', 98000, 68000, 'CET'),
('2BU21CS183', 'VIJAYLAKSHMI B KALASANNAVAR', '', 3, 1, '', '', 'C', 98000, 68000, 'CET'),
('2BU21CS184', 'VIJAYLAXMI MALAGOUDAPATIL', '', 3, 1, '', '', 'C', 98000, 68000, 'CET'),
('2BU21CS185', 'VISHAL M NARASANNAVAR', '', 3, 1, '', '', 'C', 98000, 68000, 'CET'),
('2BU21CS186', 'VISHU MAHANTESH MELAGIRI', '', 3, 1, '', '', 'C', 98000, 68000, 'CET'),
('2BU21CS187', 'VIVEKANAND B AHIRASANG', '', 3, 1, '', '', 'C', 98000, 68000, 'CET'),
('2BU21CS188', 'WAZID MEHABOOB MUNAVALLI', '', 3, 1, '', '', 'C', 98000, 68000, 'CET'),
('2BU21CS400', 'ADITI CHOUGULE', '', 5, 1, '', '', 'A', 98000, 68000, 'CET'),
('2BU21CS401', 'ALIYA KILLEDAR', '', 5, 1, '', '', 'A', 98000, 68000, 'CET'),
('2BU21CS402', 'ATHAR ANSARI', '', 5, 1, '', '', 'A', 98000, 68000, 'CET'),
('2BU21CS403', 'BHAGYASHREE B S', '', 5, 1, '', '', 'B', 98000, 68000, 'CET'),
('2BU21CS404', 'BHOSALE RUTUJA ', '', 5, 1, '', '', 'A', 98000, 68000, 'CET'),
('2BU21CS405', 'DEEPAK B', '', 5, 1, '', '', 'A', 98000, 68000, 'CET'),
('2BU21CS406', 'GOURI RANE', '', 5, 1, '', '', 'A', 98000, 68000, 'CET'),
('2BU21CS407', 'KALLEKAR OMKAR', '', 5, 1, '', '', 'A', 98000, 68000, 'CET'),
('2BU21CS408', 'KOMAL M N', '', 5, 1, '', '', 'B', 98000, 68000, 'CET'),
('2BU21CS409', 'KSHAMA JADHAV', '', 5, 1, '', '', 'A', 98000, 68000, 'CET'),
('2BU21CS410', 'MAHALAXMI RAJPUT', '', 5, 1, '', '', 'A', 98000, 68000, 'CET'),
('2BU21CS411', 'MAYURI TORALKAR', '', 5, 1, '', '', 'A', 98000, 68000, 'CET'),
('2BU21CS412', 'MISBA SINDOLI', '', 5, 1, '', '', 'A', 98000, 68000, 'CET'),
('2BU21CS413', 'MRUNAL MUTAGEKAR', '', 5, 1, '', '', 'A', 98000, 68000, 'CET'),
('2BU21CS414', 'NUTAN PATIL', '', 5, 1, '', '', 'B', 98000, 68000, 'CET'),
('2BU21CS415', 'PALLAVI K', '', 5, 1, '', '', 'B', 98000, 68000, 'CET'),
('2BU21CS416', 'PRACHITA K', '', 5, 1, '', '', 'B', 98000, 68000, 'CET'),
('2BU21CS417', 'PRATHAMESH PATIL', '', 5, 1, '', '', 'B', 98000, 68000, 'CET'),
('2BU21CS418', 'PRAVEEN TAVARI', '', 5, 1, '', '', 'B', 98000, 68000, 'CET'),
('2BU21CS419', 'RAHUL TALEKAR', '', 5, 1, '', '', 'B', 98000, 68000, 'CET'),
('2BU21CS420', 'RAMESH P', '', 5, 1, '', '', 'B', 98000, 68000, 'CET'),
('2BU21CS421', 'SAMMED PATIL', '', 5, 1, '', '', 'B', 98000, 68000, 'CET'),
('2BU21CS422', 'SANIYA F BAGWAN', '', 5, 1, '', '', 'A', 98000, 68000, 'CET'),
('2BU21CS423', 'SAVANT PRANAV', '', 5, 1, '', '', 'B', 98000, 68000, 'CET'),
('2BU21CS424', 'SHASHI G', '', 5, 1, '', '', 'B', 98000, 68000, 'CET'),
('2BU21CS425', 'SHIVANI DHARMOJI', '', 5, 1, '', '', 'B', 98000, 68000, 'CET'),
('2BU21CS426', 'SHRADHA KURANGI', '', 5, 1, '', '', 'B', 98000, 68000, 'CET'),
('2BU21CS427', 'SHRUSTI CHAVALGI', '', 5, 1, '', '', 'B', 98000, 68000, 'CET'),
('2BU21CS428', 'TANYA TODANKAR', '', 5, 1, '', '', 'B', 98000, 68000, 'CET'),
('2BU21CS429', 'SRUSHTI SANNAKKI', '', 5, 1, '', '', 'B', 98000, 68000, 'CET'),
('2BU22CS400', '', '', 3, 1, '', '', 'A', 98000, 68000, 'CET'),
('2BU22CS401', '', '', 3, 1, '', '', 'A', 98000, 68000, 'CET'),
('2BU22CS402', '', '', 3, 1, '', '', 'A', 98000, 68000, 'CET'),
('2BU22CS403', '', '', 3, 1, '', '', 'A', 98000, 68000, 'CET'),
('2BU22CS404', '', '', 3, 1, '', '', 'A', 98000, 68000, 'CET'),
('2BU22CS405', '', '', 3, 1, '', '', 'A', 98000, 68000, 'CET'),
('2BU22CS406', '', '', 3, 1, '', '', 'B', 98000, 68000, 'CET'),
('2BU22CS407', '', '', 3, 1, '', '', 'B', 98000, 68000, 'CET'),
('2BU22CS408', '', '', 3, 1, '', '', 'B', 98000, 68000, 'CET'),
('2BU22CS409', '', '', 3, 1, '', '', 'B', 98000, 68000, 'CET'),
('2BU22CS410', '', '', 3, 1, '', '', 'B', 98000, 68000, 'CET'),
('2BU22CS411', '', '', 3, 1, '', '', 'B', 98000, 68000, 'CET'),
('2BU22CS412', '', '', 3, 1, '', '', 'C', 98000, 68000, 'CET'),
('2BU22CS413', '', '', 3, 1, '', '', 'C', 98000, 68000, 'CET'),
('2BU22CS414', '', '', 3, 1, '', '', 'C', 98000, 68000, 'CET'),
('2BU22CS415', '', '', 3, 1, '', '', 'C', 98000, 68000, 'CET'),
('2BU22CS416', '', '', 3, 1, '', '', 'C', 98000, 68000, 'CET'),
('2BU22CS417', '', '', 3, 1, '', '', 'C', 98000, 68000, 'CET');

-- --------------------------------------------------------

--
-- Table structure for table `subject`
--

CREATE TABLE `subject` (
  `scode` char(10) NOT NULL,
  `sname` varchar(30) NOT NULL,
  `credits` int(11) NOT NULL,
  `type` char(15) NOT NULL,
  `cie_max_marks` int(11) NOT NULL,
  `sem` int(11) NOT NULL
) ENGINE=InnoDB DEFAULT CHARSET=utf8mb4;

--
-- Dumping data for table `subject`
--

INSERT INTO `subject` (`scode`, `sname`, `credits`, `type`, `cie_max_marks`, `sem`) VALUES
('18CS51', 'Management, Entrepreneurship f', 0, 'Core', 0, 5),
('18CS52', 'Computer Networks and Security', 0, 'Core', 0, 5),
('18CS53', 'Database Management System', 0, 'Core', 0, 5),
('18CS54', 'Automata theory and Computabil', 0, 'Core', 0, 5),
('18CS55', 'Application Development using ', 0, 'Core', 0, 5),
('18CS56', 'Unix Programming', 0, 'Core', 0, 5),
('18CS71', 'Artificial Intelligence and Ma', 0, 'Core', 0, 7),
('18CS72', 'Big Data Analytics', 0, 'Core', 0, 7),
('18CS734', 'User Interface Design', 0, 'Elective', 0, 7),
('18CS742/ 1', 'Network Management/ Cryptograp', 0, 'Elective', 0, 7),
('18CSL57', 'Computer Network Laboratory', 0, 'Lab', 0, 5),
('18CSL58', 'DBMS Laboratory with mini proj', 0, 'Lab', 0, 5),
('18CSL76', 'Artificial Intelligence and Ma', 0, 'Lab', 0, 7),
('18CSP77', 'Project Work Phase ? 1', 0, 'Lab', 0, 7),
('18ME751', 'Energy & Environment ', 0, 'HS', 0, 7),
('21CIP37', 'Constitution of India and Prof', 0, 'HS', 0, 3),
('21CS32', 'Data Structures and Applicatio', 0, 'Core', 0, 3),
('21CS33', 'Analog and Digital Electronics', 0, 'Core', 0, 3),
('21CS34', 'Computer Organization and Arch', 0, 'Core', 0, 3),
('21CS382', 'Ability Enhancement Course - I', 0, '', 0, 3),
('21CSL35', 'Object Oriented Programming wi', 0, 'Core', 0, 3),
('21MAT31', 'Transform Calculus, Fourier Se', 0, 'BS', 0, 3),
('21UH36', 'Social Connect and Responsibil', 0, 'HS', 0, 3);

--
-- Indexes for dumped tables
--

--
-- Indexes for table `department`
--
ALTER TABLE `department`
  ADD PRIMARY KEY (`dno`);

--
-- Indexes for table `equipment`
--
ALTER TABLE `equipment`
  ADD PRIMARY KEY (`eid`);

--
-- Indexes for table `faculty`
--
ALTER TABLE `faculty`
  ADD PRIMARY KEY (`fid`);

--
-- Indexes for table `laboratory`
--
ALTER TABLE `laboratory`
  ADD PRIMARY KEY (`labcode`);

--
-- Indexes for table `staff`
--
ALTER TABLE `staff`
  ADD PRIMARY KEY (`stcode`);

--
-- Indexes for table `student`
--
ALTER TABLE `student`
  ADD PRIMARY KEY (`usn`);

--
-- Indexes for table `subject`
--
ALTER TABLE `subject`
  ADD PRIMARY KEY (`scode`);

--
-- AUTO_INCREMENT for dumped tables
--

--
-- AUTO_INCREMENT for table `equipment`
--
ALTER TABLE `equipment`
  MODIFY `eid` int(11) NOT NULL AUTO_INCREMENT, AUTO_INCREMENT=5002;

--
-- AUTO_INCREMENT for table `faculty`
--
ALTER TABLE `faculty`
  MODIFY `fid` int(11) NOT NULL AUTO_INCREMENT, AUTO_INCREMENT=1032;

--
-- AUTO_INCREMENT for table `laboratory`
--
ALTER TABLE `laboratory`
  MODIFY `labcode` int(11) NOT NULL AUTO_INCREMENT, AUTO_INCREMENT=8002;

--
-- AUTO_INCREMENT for table `staff`
--
ALTER TABLE `staff`
  MODIFY `stcode` int(11) NOT NULL AUTO_INCREMENT, AUTO_INCREMENT=3002;
COMMIT;

/*!40101 SET CHARACTER_SET_CLIENT=@OLD_CHARACTER_SET_CLIENT */;
/*!40101 SET CHARACTER_SET_RESULTS=@OLD_CHARACTER_SET_RESULTS */;
/*!40101 SET COLLATION_CONNECTION=@OLD_COLLATION_CONNECTION */;
